-- phpMyAdmin SQL Dump
-- version 5.2.1
-- https://www.phpmyadmin.net/
--
-- Host: 127.0.0.1
-- Generation Time: Nov 12, 2025 at 05:11 PM
-- Server version: 10.4.32-MariaDB
-- PHP Version: 8.2.12

SET SQL_MODE = "NO_AUTO_VALUE_ON_ZERO";
START TRANSACTION;
SET time_zone = "+00:00";


/*!40101 SET @OLD_CHARACTER_SET_CLIENT=@@CHARACTER_SET_CLIENT */;
/*!40101 SET @OLD_CHARACTER_SET_RESULTS=@@CHARACTER_SET_RESULTS */;
/*!40101 SET @OLD_COLLATION_CONNECTION=@@COLLATION_CONNECTION */;
/*!40101 SET NAMES utf8mb4 */;

--
-- Database: `eng_chatbot`
--

-- --------------------------------------------------------

--
-- Table structure for table `chat_logs`
--

CREATE TABLE `chat_logs` (
  `id` int(11) NOT NULL,
  `user_message` text NOT NULL,
  `bot_response` text DEFAULT NULL,
  `response_type` varchar(50) DEFAULT NULL COMMENT 'text, news, staff, faq',
  `matched_keywords` text DEFAULT NULL COMMENT 'คีย์เวิร์ดที่จับได้',
  `session_id` varchar(100) DEFAULT NULL,
  `user_ip` varchar(50) DEFAULT NULL,
  `date_created` timestamp NOT NULL DEFAULT current_timestamp()
) ENGINE=InnoDB DEFAULT CHARSET=utf8mb4 COLLATE=utf8mb4_unicode_ci;

--
-- Dumping data for table `chat_logs`
--

INSERT INTO `chat_logs` (`id`, `user_message`, `bot_response`, `response_type`, `matched_keywords`, `session_id`, `user_ip`, `date_created`) VALUES
(1, 'ข่าวล่าสุด', '{\"type\":\"news\",\"items\":[{\"id\":\"1\",\"title\":\"ทุนการศึกษาสำหรับนักศึกษาชั้นปีที่ 1\",\"summary\":\"คณะวิศวกรรมศาสตร์เปิดรับสมัครทุนการศึกษาสำหรับนักศึกษาชั้นปีที่ 1 ที่มีผลการเรียนดี และมีความประพฤติเรียบร้อย\",\"url\":\"https:\\/\\/eng.rmutp.ac.th\\/scholarship\",\"date_post\":\"10\\/11\\/2024\"},{\"id\":\"2\",\"title\":\"กิจกรรม Engineering Open House 2024\",\"summary\":\"เปิดบ้านวิศวะ รับน้องใหม่ พบกับกิจกรรมมากมาย พร้อมให้คำปรึกษาการสมัครเรียน\",\"url\":\"https:\\/\\/eng.rmutp.ac.th\\/openhouse\",\"date_post\":\"08\\/11\\/2024\"},{\"id\":\"3\",\"title\":\"ประกาศผลสอบกลางภาค ภาคเรียนที่ 1\\/2567\",\"summary\":\"ประกาศผลสอบกลางภาค สามารถตรวจสอบผลสอบได้ที่ระบบทะเบียน\",\"url\":\"https:\\/\\/reg.rmutp.ac.th\",\"date_post\":\"05\\/11\\/2024\"}]}', 'news', '[\"ข่าว\"]', 'chat_69148476d18982.13048936', '::1', '2025-11-12 12:58:31'),
(2, 'อาจารย์คอมพิวเตอร์', '{\"type\":\"staff\",\"items\":[{\"id\":\"1\",\"fullname\":\"รศ.ดร.สมชาย วิศวกรรม\",\"title\":\"รองศาสตราจารย์ ดร.\",\"department\":\"วิศวกรรมคอมพิวเตอร์\",\"email\":\"somchai.w@rmutp.ac.th\",\"phone\":\"02-555-0001\",\"office\":\"ห้อง EN-301\",\"role\":\"หัวหน้าสาขาวิชา\"}]}', 'staff', '[\"อาจารย์\",\"คอม\"]', 'chat_69148476d18982.13048936', '::1', '2025-11-12 12:58:53'),
(3, 'ทุนการศึกษา', '{\"type\":\"text\",\"text\":\"มีทุนการศึกษาหลายประเภท:\\n1. ทุนเรียนดี (เกรดเฉลี่ย 3.50 ขึ้นไป)\\n2. ทุนขาดแคลนทุนทรัพย์\\n3. ทุนกิจกรรม\\n4. ทุนบริษัทเอกชน\\nติดต่อสอบถาม: กองทุนการศึกษา โทร 02-555-2001\"}', 'faq', '[\"ทุน\"]', 'chat_69148476d18982.13048936', '::1', '2025-11-12 12:59:11'),
(4, 'สาขาวิชา', '{\"type\":\"text\",\"text\":\"คณะวิศวกรรมศาสตร์มี 6 สาขาวิชา:\\n1. วิศวกรรมคอมพิวเตอร์\\n2. วิศวกรรมไฟฟ้า\\n3. วิศวกรรมอิเล็กทรอนิกส์\\n4. วิศวกรรมโยธา\\n5. วิศวกรรมอุตสาหการ\\n6. วิศวกรรมเครื่องกล\",\"category\":\"หลักสูตร\"}', 'faq', '[\"faq_match\"]', 'chat_69148476d18982.13048936', '::1', '2025-11-12 12:59:42'),
(5, 'ข่าวล่าสุด', '{\"type\":\"news\",\"items\":[{\"id\":\"1\",\"title\":\"ทุนการศึกษาสำหรับนักศึกษาชั้นปีที่ 1\",\"summary\":\"คณะวิศวกรรมศาสตร์เปิดรับสมัครทุนการศึกษาสำหรับนักศึกษาชั้นปีที่ 1 ที่มีผลการเรียนดี และมีความประพฤติเรียบร้อย\",\"url\":\"https:\\/\\/eng.rmutp.ac.th\\/scholarship\",\"date_post\":\"10\\/11\\/2024\"},{\"id\":\"2\",\"title\":\"กิจกรรม Engineering Open House 2024\",\"summary\":\"เปิดบ้านวิศวะ รับน้องใหม่ พบกับกิจกรรมมากมาย พร้อมให้คำปรึกษาการสมัครเรียน\",\"url\":\"https:\\/\\/eng.rmutp.ac.th\\/openhouse\",\"date_post\":\"08\\/11\\/2024\"},{\"id\":\"3\",\"title\":\"ประกาศผลสอบกลางภาค ภาคเรียนที่ 1\\/2567\",\"summary\":\"ประกาศผลสอบกลางภาค สามารถตรวจสอบผลสอบได้ที่ระบบทะเบียน\",\"url\":\"https:\\/\\/reg.rmutp.ac.th\",\"date_post\":\"05\\/11\\/2024\"}]}', 'news', '[\"ข่าว\"]', 'chat_69148476d18982.13048936', '::1', '2025-11-12 12:59:52'),
(6, 'ติดต่อ', '{\"type\":\"contact\",\"text\":\"📋 ข้อมูลติดต่อคณะวิศวกรรมศาสตร์ RMUTP\\n\\n📞 เบอร์โทรศัพท์: 02-555-2000\\n✉️ อีเมล: eng@rmutp.ac.th\\n📍 ที่อยู่: 399 ถนนสามเสน แขวงวชิรพยาบาล เขตดุสิต กรุงเทพฯ 10300\\n🌐 เว็บไซต์: https:\\/\\/eng.rmutp.ac.th\\n📘 Facebook: https:\\/\\/facebook.com\\/rmutp.engineering\\n💬 LINE Official: @rmutpeng\\n🕐 เวลาทำการ: จันทร์-ศุกร์ เวลา 08:30-16:30 น.\\n\",\"items\":[{\"info_key\":\"phone\",\"info_value\":\"02-555-2000\",\"display_name\":\"เบอร์โทรศัพท์\",\"icon\":\"📞\"},{\"info_key\":\"email\",\"info_value\":\"eng@rmutp.ac.th\",\"display_name\":\"อีเมล\",\"icon\":\"✉️\"},{\"info_key\":\"address\",\"info_value\":\"399 ถนนสามเสน แขวงวชิรพยาบาล เขตดุสิต กรุงเทพฯ 10300\",\"display_name\":\"ที่อยู่\",\"icon\":\"📍\"},{\"info_key\":\"website\",\"info_value\":\"https:\\/\\/eng.rmutp.ac.th\",\"display_name\":\"เว็บไซต์\",\"icon\":\"🌐\"},{\"info_key\":\"facebook\",\"info_value\":\"https:\\/\\/facebook.com\\/rmutp.engineering\",\"display_name\":\"Facebook\",\"icon\":\"📘\"},{\"info_key\":\"line\",\"info_value\":\"@rmutpeng\",\"display_name\":\"LINE Official\",\"icon\":\"💬\"},{\"info_key\":\"hours\",\"info_value\":\"จันทร์-ศุกร์ เวลา 08:30-16:30 น.\",\"display_name\":\"เวลาทำการ\",\"icon\":\"🕐\"}]}', 'contact', '[\"ติดต่อ\"]', 'chat_69148476d18982.13048936', '::1', '2025-11-12 13:01:06'),
(7, 'คณะมีหอพักไหม', '{\"type\":\"text\",\"text\":\"ขออภัย ไม่พบข้อมูลที่ต้องการ กรุณาลองคำอื่นหรือถามว่า \\\"ข่าว\\\" \\/ \\\"อาจารย์\\\" \\/ \\\"ติดต่อ\\\" \\/ \\\"ทุน\\\"\"}', 'no_match', '[]', 'chat_69148476d18982.13048936', '::1', '2025-11-12 13:08:33'),
(8, 'ฝึกงานตอนไหน', '{\"type\":\"text\",\"text\":\"ขออภัย ไม่พบข้อมูลที่ต้องการ กรุณาลองคำอื่นหรือถามว่า \\\"ข่าว\\\" \\/ \\\"อาจารย์\\\" \\/ \\\"ติดต่อ\\\" \\/ \\\"ทุน\\\"\"}', 'no_match', '[]', 'chat_69148476d18982.13048936', '::1', '2025-11-12 13:08:40'),
(9, 'ติดต่อคณะ', '{\"type\":\"contact\",\"text\":\"📋 ข้อมูลติดต่อคณะวิศวกรรมศาสตร์ RMUTP\\n\\n📞 เบอร์โทรศัพท์: 02-555-2000\\n✉️ อีเมล: eng@rmutp.ac.th\\n📍 ที่อยู่: 399 ถนนสามเสน แขวงวชิรพยาบาล เขตดุสิต กรุงเทพฯ 10300\\n🌐 เว็บไซต์: https:\\/\\/eng.rmutp.ac.th\\n📘 Facebook: https:\\/\\/facebook.com\\/rmutp.engineering\\n💬 LINE Official: @rmutpeng\\n🕐 เวลาทำการ: จันทร์-ศุกร์ เวลา 08:30-16:30 น.\\n\",\"items\":[{\"info_key\":\"phone\",\"info_value\":\"02-555-2000\",\"display_name\":\"เบอร์โทรศัพท์\",\"icon\":\"📞\"},{\"info_key\":\"email\",\"info_value\":\"eng@rmutp.ac.th\",\"display_name\":\"อีเมล\",\"icon\":\"✉️\"},{\"info_key\":\"address\",\"info_value\":\"399 ถนนสามเสน แขวงวชิรพยาบาล เขตดุสิต กรุงเทพฯ 10300\",\"display_name\":\"ที่อยู่\",\"icon\":\"📍\"},{\"info_key\":\"website\",\"info_value\":\"https:\\/\\/eng.rmutp.ac.th\",\"display_name\":\"เว็บไซต์\",\"icon\":\"🌐\"},{\"info_key\":\"facebook\",\"info_value\":\"https:\\/\\/facebook.com\\/rmutp.engineering\",\"display_name\":\"Facebook\",\"icon\":\"📘\"},{\"info_key\":\"line\",\"info_value\":\"@rmutpeng\",\"display_name\":\"LINE Official\",\"icon\":\"💬\"},{\"info_key\":\"hours\",\"info_value\":\"จันทร์-ศุกร์ เวลา 08:30-16:30 น.\",\"display_name\":\"เวลาทำการ\",\"icon\":\"🕐\"}]}', 'contact', '[\"ติดต่อ\"]', 'chat_69148476d18982.13048936', '::1', '2025-11-12 13:13:02'),
(10, 'มีทุนไหม', '{\"type\":\"text\",\"text\":\"มีทุนการศึกษาหลายประเภท:\\n1. ทุนเรียนดี (เกรดเฉลี่ย 3.50 ขึ้นไป)\\n2. ทุนขาดแคลนทุนทรัพย์\\n3. ทุนกิจกรรม\\n4. ทุนบริษัทเอกชน\\nติดต่อสอบถาม: กองทุนการศึกษา โทร 02-555-2001\"}', 'faq', '[\"ทุน\"]', 'chat_69148476d18982.13048936', '::1', '2025-11-12 13:13:12'),
(11, 'ค่าเทอมเท่าไหร่', '{\"type\":\"text\",\"text\":\"ขออภัย ไม่พบข้อมูลที่ต้องการ กรุณาลองคำอื่นหรือถามว่า \\\"ข่าว\\\" \\/ \\\"อาจารย์\\\" \\/ \\\"ติดต่อ\\\" \\/ \\\"ทุน\\\"\"}', 'no_match', '[]', 'chat_69148476d18982.13048936', '::1', '2025-11-12 13:13:22'),
(12, 'ค่าเทอม', '{\"type\":\"text\",\"text\":\"💵 ค่าเทอมประมาณ 16,000-18,000 บาท\\/ภาคเรียน\\n(ขึ้นอยู่กับสาขาวิชา)\\n\\n💵 ค่าธรรมเนียมแรกเข้า: 3,000 บาท\\n(ชำระครั้งแรกเท่านั้น)\\n\\n✅ สามารถผ่อนชำระได้ 2-3 งวด\\n✅ รับบัตรกดเงินสด\\/บัตรเครดิต\\n\\n📝 หมายเหตุ:\\n- ค่าใช้จ่ายอาจเปลี่ยนแปลงได้\\n- มีทุนการศึกษาสำหรับนักศึกษาที่มีผลการเรียนดี\\n\\n📞 สอบถาม: กองคลัง โทร 02-555-2050\",\"category\":\"ค่าใช้จ่าย\"}', 'faq', '[\"faq_match\"]', 'chat_69148476d18982.13048936', '::1', '2025-11-12 13:13:48'),
(13, 'ค่าเทอมเท่าไหร่', '{\"type\":\"text\",\"text\":\"ขออภัย ไม่พบข้อมูลที่ต้องการ กรุณาลองคำอื่นหรือถามว่า \\\"ข่าว\\\" \\/ \\\"อาจารย์\\\" \\/ \\\"ติดต่อ\\\" \\/ \\\"ทุน\\\"\"}', 'no_match', '[]', 'chat_69148476d18982.13048936', '::1', '2025-11-12 13:13:55'),
(14, 'ค่าใช้จ่าย', '{\"type\":\"text\",\"text\":\"ค่าเทอมประมาณ 16,000-18,000 บาท\\/ภาคเรียน (ขึ้นอยู่กับสาขาวิชา)\\nค่าธรรมเนียมแรกเข้า 3,000 บาท (ครั้งแรกเท่านั้น)\\nสามารถผ่อนชำระได้\",\"category\":\"ค่าใช้จ่าย\"}', 'faq', '[\"faq_match\"]', 'chat_69148476d18982.13048936', '::1', '2025-11-12 13:14:15'),
(15, 'ค่าเทอม', '{\"type\":\"text\",\"text\":\"💵 ค่าเทอมประมาณ 16,000-18,000 บาท\\/ภาคเรียน\\n(ขึ้นอยู่กับสาขาวิชา)\\n\\n💵 ค่าธรรมเนียมแรกเข้า: 3,000 บาท\\n(ชำระครั้งแรกเท่านั้น)\\n\\n✅ สามารถผ่อนชำระได้ 2-3 งวด\\n✅ รับบัตรกดเงินสด\\/บัตรเครดิต\\n\\n📝 หมายเหตุ:\\n- ค่าใช้จ่ายอาจเปลี่ยนแปลงได้\\n- มีทุนการศึกษาสำหรับนักศึกษาที่มีผลการเรียนดี\\n\\n📞 สอบถาม: กองคลัง โทร 02-555-2050\",\"category\":\"ค่าใช้จ่าย\"}', 'faq', '[\"faq_match\"]', 'chat_69148476d18982.13048936', '::1', '2025-11-12 13:14:33'),
(16, 'สาขาวิชา', '{\"type\":\"text\",\"text\":\"คณะวิศวกรรมศาสตร์ RMUTP มี 6 สาขาวิชา: \\n🎓 1. วิศวกรรมคอมพิวเตอร์\\n- AI, Software, Network\\n\\n🎓 2. วิศวกรรมไฟฟ้า\\n- ระบบไฟฟ้า, พลังงาน\\n\\n🎓 3. วิศวกรรมอิเล็กทรอนิกส์\\n- IoT, Embedded System\\n\\n🎓 4. วิศวกรรมโยธา\\n- โครงสร้าง, ก่อสร้าง\\n\\n🎓 5. วิศวกรรมอุตสาหการ\\n- การผลิต, Logistics\\n\\n🎓 6. วิศวกรรมเครื่องกล\\n- ยานยนต์, เครื่องจักร\\n\\n🌐 ดูหลักสูตร: https:\\/\\/eng.rmutp.ac.th\\/curriculum\",\"category\":\"หลักสูตร\"}', 'faq', '[\"faq_match\"]', 'chat_69148476d18982.13048936', '::1', '2025-11-12 13:15:43'),
(17, 'ติดต่อคณะ', '{\"type\":\"contact\",\"text\":\"📋 ข้อมูลติดต่อคณะวิศวกรรมศาสตร์ RMUTP\\n\\n📞 เบอร์โทรศัพท์: 02-555-2000\\n✉️ อีเมล: eng@rmutp.ac.th\\n📍 ที่อยู่: 399 ถนนสามเสน แขวงวชิรพยาบาล เขตดุสิต กรุงเทพฯ 10300\\n🌐 เว็บไซต์: https:\\/\\/eng.rmutp.ac.th\\n📘 Facebook: https:\\/\\/facebook.com\\/rmutp.engineering\\n💬 LINE Official: @rmutpeng\\n🕐 เวลาทำการ: จันทร์-ศุกร์ เวลา 08:30-16:30 น.\\n\",\"items\":[{\"info_key\":\"phone\",\"info_value\":\"02-555-2000\",\"display_name\":\"เบอร์โทรศัพท์\",\"icon\":\"📞\"},{\"info_key\":\"email\",\"info_value\":\"eng@rmutp.ac.th\",\"display_name\":\"อีเมล\",\"icon\":\"✉️\"},{\"info_key\":\"address\",\"info_value\":\"399 ถนนสามเสน แขวงวชิรพยาบาล เขตดุสิต กรุงเทพฯ 10300\",\"display_name\":\"ที่อยู่\",\"icon\":\"📍\"},{\"info_key\":\"website\",\"info_value\":\"https:\\/\\/eng.rmutp.ac.th\",\"display_name\":\"เว็บไซต์\",\"icon\":\"🌐\"},{\"info_key\":\"facebook\",\"info_value\":\"https:\\/\\/facebook.com\\/rmutp.engineering\",\"display_name\":\"Facebook\",\"icon\":\"📘\"},{\"info_key\":\"line\",\"info_value\":\"@rmutpeng\",\"display_name\":\"LINE Official\",\"icon\":\"💬\"},{\"info_key\":\"hours\",\"info_value\":\"จันทร์-ศุกร์ เวลา 08:30-16:30 น.\",\"display_name\":\"เวลาทำการ\",\"icon\":\"🕐\"}]}', 'contact', '[\"ติดต่อ\"]', 'chat_69148476d18982.13048936', '::1', '2025-11-12 13:16:53'),
(18, 'ค่าเทอม', '{\"type\":\"text\",\"text\":\"💵 ค่าเทอมประมาณ 16,000-18,000 บาท\\/ภาคเรียน\\n(ขึ้นอยู่กับสาขาวิชา)\\n\\n💵 ค่าธรรมเนียมแรกเข้า: 3,000 บาท\\n(ชำระครั้งแรกเท่านั้น)\\n\\n✅ สามารถผ่อนชำระได้ 2-3 งวด\\n✅ รับบัตรกดเงินสด\\/บัตรเครดิต\\n\\n📝 หมายเหตุ:\\n- ค่าใช้จ่ายอาจเปลี่ยนแปลงได้\\n- มีทุนการศึกษาสำหรับนักศึกษาที่มีผลการเรียนดี\\n\\n📞 สอบถาม: กองคลัง โทร 02-555-2050\",\"category\":\"ค่าใช้จ่าย\"}', 'faq', '[\"faq_match\"]', 'chat_69148476d18982.13048936', '::1', '2025-11-12 13:17:04'),
(19, 'อาจารย์วิศวะคอมพิวเตอร์', '{\"type\":\"staff\",\"items\":[{\"id\":\"1\",\"fullname\":\"รศ.ดร.สมชาย วิศวกรรม\",\"title\":\"รองศาสตราจารย์ ดร.\",\"department\":\"วิศวกรรมคอมพิวเตอร์\",\"email\":\"somchai.w@rmutp.ac.th\",\"phone\":\"02-555-0001\",\"office\":\"ห้อง EN-301\",\"role\":\"หัวหน้าสาขาวิชา\"}]}', 'staff', '[\"อาจารย์\",\"คอม\"]', 'chat_69148476d18982.13048936', '::1', '2025-11-12 13:17:30'),
(20, 'อาจารย์คอมพิวเตอร์', '{\"type\":\"staff\",\"items\":[{\"id\":\"1\",\"fullname\":\"รศ.ดร.สมชาย วิศวกรรม\",\"title\":\"รองศาสตราจารย์ ดร.\",\"department\":\"วิศวกรรมคอมพิวเตอร์\",\"email\":\"somchai.w@rmutp.ac.th\",\"phone\":\"02-555-0001\",\"office\":\"ห้อง EN-301\",\"role\":\"หัวหน้าสาขาวิชา\"}]}', 'staff', '[\"อาจารย์\",\"คอม\"]', 'chat_69148476d18982.13048936', '::1', '2025-11-12 13:18:03'),
(21, 'ค่าเทอม', '{\"type\":\"text\",\"text\":\"💵 ค่าเทอมประมาณ 16,000-18,000 บาท\\/ภาคเรียน\\n(ขึ้นอยู่กับสาขาวิชา)\\n\\n💵 ค่าธรรมเนียมแรกเข้า: 3,000 บาท\\n(ชำระครั้งแรกเท่านั้น)\\n\\n✅ สามารถผ่อนชำระได้ 2-3 งวด\\n✅ รับบัตรกดเงินสด\\/บัตรเครดิต\\n\\n📝 หมายเหตุ:\\n- ค่าใช้จ่ายอาจเปลี่ยนแปลงได้\\n- มีทุนการศึกษาสำหรับนักศึกษาที่มีผลการเรียนดี\\n\\n📞 สอบถาม: กองคลัง โทร 02-555-2050\",\"category\":\"ค่าใช้จ่าย\"}', 'faq', '[\"faq_match\"]', 'chat_69148476d18982.13048936', '::1', '2025-11-12 13:18:12'),
(22, 'มีสาขาอะไรบ้าง', '{\"type\":\"text\",\"text\":\"ขออภัย ไม่พบข้อมูลที่ต้องการ กรุณาลองคำอื่นหรือถามว่า \\\"ข่าว\\\" \\/ \\\"อาจารย์\\\" \\/ \\\"ติดต่อ\\\" \\/ \\\"ทุน\\\"\"}', 'no_match', '[]', 'chat_69148476d18982.13048936', '::1', '2025-11-12 13:18:25'),
(23, 'ข่าว', '{\"type\":\"news\",\"items\":[{\"id\":\"1\",\"title\":\"ทุนการศึกษาสำหรับนักศึกษาชั้นปีที่ 1\",\"summary\":\"คณะวิศวกรรมศาสตร์เปิดรับสมัครทุนการศึกษาสำหรับนักศึกษาชั้นปีที่ 1 ที่มีผลการเรียนดี และมีความประพฤติเรียบร้อย\",\"url\":\"https:\\/\\/eng.rmutp.ac.th\\/scholarship\",\"date_post\":\"10\\/11\\/2024\"},{\"id\":\"2\",\"title\":\"กิจกรรม Engineering Open House 2024\",\"summary\":\"เปิดบ้านวิศวะ รับน้องใหม่ พบกับกิจกรรมมากมาย พร้อมให้คำปรึกษาการสมัครเรียน\",\"url\":\"https:\\/\\/eng.rmutp.ac.th\\/openhouse\",\"date_post\":\"08\\/11\\/2024\"},{\"id\":\"3\",\"title\":\"ประกาศผลสอบกลางภาค ภาคเรียนที่ 1\\/2567\",\"summary\":\"ประกาศผลสอบกลางภาค สามารถตรวจสอบผลสอบได้ที่ระบบทะเบียน\",\"url\":\"https:\\/\\/reg.rmutp.ac.th\",\"date_post\":\"05\\/11\\/2024\"}]}', 'news', '[\"ข่าว\"]', 'chat_69148476d18982.13048936', '::1', '2025-11-12 13:18:51'),
(24, 'ค่าเทอม', '{\"type\":\"text\",\"text\":\"💵 ค่าเทอมประมาณ 16,000-18,000 บาท\\/ภาคเรียน\\n(ขึ้นอยู่กับสาขาวิชา)\\n\\n💵 ค่าธรรมเนียมแรกเข้า: 3,000 บาท\\n(ชำระครั้งแรกเท่านั้น)\\n\\n✅ สามารถผ่อนชำระได้ 2-3 งวด\\n✅ รับบัตรกดเงินสด\\/บัตรเครดิต\\n\\n📝 หมายเหตุ:\\n- ค่าใช้จ่ายอาจเปลี่ยนแปลงได้\\n- มีทุนการศึกษาสำหรับนักศึกษาที่มีผลการเรียนดี\\n\\n📞 สอบถาม: กองคลัง โทร 02-555-2050\",\"category\":\"ค่าใช้จ่าย\"}', 'faq', '[\"faq_match\"]', 'chat_69148476d18982.13048936', '::1', '2025-11-12 13:19:13'),
(25, 'สาขาวิชา', '{\"type\":\"text\",\"text\":\"คณะวิศวกรรมศาสตร์ RMUTP มี 6 สาขาวิชา: \\n🎓 1. วิศวกรรมคอมพิวเตอร์\\n- AI, Software, Network\\n\\n🎓 2. วิศวกรรมไฟฟ้า\\n- ระบบไฟฟ้า, พลังงาน\\n\\n🎓 3. วิศวกรรมอิเล็กทรอนิกส์\\n- IoT, Embedded System\\n\\n🎓 4. วิศวกรรมโยธา\\n- โครงสร้าง, ก่อสร้าง\\n\\n🎓 5. วิศวกรรมอุตสาหการ\\n- การผลิต, Logistics\\n\\n🎓 6. วิศวกรรมเครื่องกล\\n- ยานยนต์, เครื่องจักร\\n\\n🌐 ดูหลักสูตร: https:\\/\\/eng.rmutp.ac.th\\/curriculum\",\"category\":\"หลักสูตร\"}', 'faq', '[\"faq_match\"]', 'chat_69148476d18982.13048936', '::1', '2025-11-12 13:20:01'),
(26, 'วิศวกรรมคอมพิวเตอร์', '{\"type\":\"text\",\"text\":\"ขออภัย ไม่พบข้อมูลที่ต้องการ กรุณาลองคำอื่นหรือถามว่า \\\"ข่าว\\\" \\/ \\\"อาจารย์\\\" \\/ \\\"ติดต่อ\\\" \\/ \\\"ทุน\\\"\"}', 'no_match', '[]', 'chat_69148476d18982.13048936', '::1', '2025-11-12 13:29:25'),
(27, 'รองศาสตราจารย์ ดร.', '{\"type\":\"text\",\"text\":\"ขออภัย ไม่พบข้อมูลที่ต้องการ กรุณาลองคำอื่นหรือถามว่า \\\"ข่าว\\\" \\/ \\\"อาจารย์\\\" \\/ \\\"ติดต่อ\\\" \\/ \\\"ทุน\\\"\"}', 'no_match', '[]', 'chat_69148476d18982.13048936', '::1', '2025-11-12 13:29:33'),
(28, 'อาจารย์วิศวะคอม', '{\"type\":\"staff\",\"items\":[{\"id\":\"1\",\"fullname\":\"รศ.ดร.สมชาย วิศวกรรม\",\"title\":\"รองศาสตราจารย์ ดร.\",\"department\":\"วิศวกรรมคอมพิวเตอร์\",\"email\":\"somchai.w@rmutp.ac.th\",\"phone\":\"02-555-0001\",\"office\":\"ห้อง EN-301\",\"role\":\"หัวหน้าสาขาวิชา\"}]}', 'staff', '[\"อาจารย์\",\"คอม\"]', 'chat_69148476d18982.13048936', '::1', '2025-11-12 13:29:58'),
(29, 'รองคณบดีฝ่ายวิชาการ และวิจัย', '{\"type\":\"text\",\"text\":\"ขออภัย ไม่พบข้อมูลที่ต้องการ กรุณาลองคำอื่นหรือถามว่า \\\"ข่าว\\\" \\/ \\\"อาจารย์\\\" \\/ \\\"ติดต่อ\\\" \\/ \\\"ทุน\\\"\"}', 'no_match', '[]', 'chat_69148476d18982.13048936', '::1', '2025-11-12 13:35:41'),
(30, 'วิชาการ', '{\"type\":\"text\",\"text\":\"ขออภัย ไม่พบข้อมูลที่ต้องการ กรุณาลองคำอื่นหรือถามว่า \\\"ข่าว\\\" \\/ \\\"อาจารย์\\\" \\/ \\\"ติดต่อ\\\" \\/ \\\"ทุน\\\"\"}', 'no_match', '[]', 'chat_69148476d18982.13048936', '::1', '2025-11-12 13:35:56'),
(31, 'ผศ.ดร.ภูภูมิ พ่วงเจริญชัย', '{\"type\":\"text\",\"text\":\"ขออภัย ไม่พบข้อมูลที่ต้องการ กรุณาลองคำอื่นหรือถามว่า \\\"ข่าว\\\" \\/ \\\"อาจารย์\\\" \\/ \\\"ติดต่อ\\\" \\/ \\\"ทุน\\\"\"}', 'no_match', '[]', 'chat_69148476d18982.13048936', '::1', '2025-11-12 13:36:27'),
(32, 'อาจารย์วิศวะคอม', '{\"type\":\"staff\",\"items\":[{\"id\":\"1\",\"fullname\":\"ผศ.ดร.เกรียงไกร เหลืองอำพล\",\"title\":\"ผู้ช่วยศาสตราจารย์ ดร.\",\"department\":\"วิศวกรรมคอมพิวเตอร์\",\"email\":\"kriengkri.l@rmutp.ac.th\",\"phone\":\"02-836-3000 ต่อ 8339\",\"office\":\"ตึก 3 ห้อง 402\",\"role\":\"หัวหน้าสาขาวิชา\"}]}', 'staff', '[\"อาจารย์\",\"คอม\"]', 'chat_69148476d18982.13048936', '::1', '2025-11-12 13:55:50'),
(33, 'ข่าวล่าสุด', '{\"type\":\"news\",\"items\":[{\"id\":\"11\",\"title\":\"คณะวิศวฯร่วมพิธีวางพวงมาลาถวายบังคมพระบรมราชานุสรณ์พระบาทสมเด็จพระจุลจอมเกล้าเจ้าอยู่หัว\",\"summary\":\"รูปภาพทั้งหมด\",\"url\":\"https:\\/\\/eng.rmutp.ac.th\\/%e0%b8%84%e0%b8%93%e0%b8%b0%e0%b8%a7%e0%b8%b4%e0%b8%a8%e0%b8%a7%e0%b8%af%e0%b8%a3%e0%b9%88%e0%b8%a7%e0%b8%a1%e0%b8%9e%e0%b8%b4%e0%b8%98%e0%b8%b5%e0%b8%a7%e0%b8%b2%e0%b8%87%e0%b8%9e%e0%b8%a7%e0%b8%87\\/\",\"date_post\":\"24\\/10\\/2025\"},{\"id\":\"12\",\"title\":\"คณะวิศวกรรมศาสตร์ มทร.พระนคร ขอแสดงความยินดี\",\"summary\":\"คณะวิศวกรรมศาสตร์ มทร.พระนคร ขอแสดงความยินดี “ดร.ณัฐวรพล รัชสิริวัชรบุล” […]\",\"url\":\"https:\\/\\/eng.rmutp.ac.th\\/%e0%b8%84%e0%b8%93%e0%b8%b0%e0%b8%a7%e0%b8%b4%e0%b8%a8%e0%b8%a7%e0%b8%81%e0%b8%a3%e0%b8%a3%e0%b8%a1%e0%b8%a8%e0%b8%b2%e0%b8%aa%e0%b8%95%e0%b8%a3%e0%b9%8c-%e0%b8%a1%e0%b8%97%e0%b8%a3-%e0%b8%9e-8\\/\",\"date_post\":\"16\\/10\\/2025\"},{\"id\":\"13\",\"title\":\"กำหนดการขอเปิดรายวิชานอกแผนการเรียน ระดับ ปวช. ภาคเรียนที่ 2\\/2568\",\"summary\":\"📣📣ประกาศจากคณะวิศวกรรมศาสตร์ มทร.พระนคร📣📣 กำหนดการขอเปิดรายวิชานอกแผนการเรียน ระดับ ปวช. […]\",\"url\":\"https:\\/\\/eng.rmutp.ac.th\\/%e0%b8%81%e0%b8%b3%e0%b8%ab%e0%b8%99%e0%b8%94%e0%b8%81%e0%b8%b2%e0%b8%a3%e0%b8%82%e0%b8%ad%e0%b9%80%e0%b8%9b%e0%b8%b4%e0%b8%94%e0%b8%a3%e0%b8%b2%e0%b8%a2%e0%b8%a7%e0%b8%b4%e0%b8%8a%e0%b8%b2%e0%b8%99-3\\/\",\"date_post\":\"16\\/10\\/2025\"},{\"id\":\"4\",\"title\":\"คณะบริหารธุรกิจ รับสมัครบุคคลเพื่อจ้างเป็นพนักงานมหาวิทยาลัย ตำแหน่งวิชาการ ครั้งที่ 2\\/2568\",\"summary\":\"คณะบริหารธุรกิจ มทร.พระนคร ประกาศการสรรหาบุคคลเพื่อจ้างเป็นพนักงานมหาวิทยาลัย ครั้งที่ 2\\/2568 […]\",\"url\":\"https:\\/\\/eng.rmutp.ac.th\\/%e0%b8%84%e0%b8%93%e0%b8%b0%e0%b8%9a%e0%b8%a3%e0%b8%b4%e0%b8%ab%e0%b8%b2%e0%b8%a3%e0%b8%98%e0%b8%b8%e0%b8%a3%e0%b8%81%e0%b8%b4%e0%b8%88-%e0%b8%a3%e0%b8%b1%e0%b8%9a%e0%b8%aa%e0%b8%a1%e0%b8%b1-7\\/\",\"date_post\":\"10\\/11\\/2025\"},{\"id\":\"5\",\"title\":\"วิทยาลัยการจัดการเพื่อการพัฒนา มหาวิทยาลัยทักษิณ เชิญเข้าร่วมโครงการเพื่อพัฒนาบุคลากรภาครัฐและบุคลากรทั่วไป\",\"summary\":\"วิทยาลัยการจัดการเพื่อการพัฒนา มหาวิทยาลัยทักษิณ ได้กำหนดจัดโครงการเพื่อพัฒนาบุคลากรภาครัฐและบุคลากรทั่วไป ณ โรงแรมเชียงใหม่ออคิด […]\",\"url\":\"https:\\/\\/eng.rmutp.ac.th\\/%e0%b8%a7%e0%b8%b4%e0%b8%97%e0%b8%a2%e0%b8%b2%e0%b8%a5%e0%b8%b1%e0%b8%a2%e0%b8%81%e0%b8%b2%e0%b8%a3%e0%b8%88%e0%b8%b1%e0%b8%94%e0%b8%81%e0%b8%b2%e0%b8%a3%e0%b9%80%e0%b8%9e%e0%b8%b7%e0%b9%88%e0%b8%ad-3\\/\",\"date_post\":\"10\\/11\\/2025\"}]}', 'news', '[\"ข่าว\"]', 'chat_69148476d18982.13048936', '::1', '2025-11-12 14:30:59'),
(34, 'ข่าวล่าสุด', '{\"type\":\"news\",\"items\":[{\"id\":\"11\",\"title\":\"คณะวิศวฯร่วมพิธีวางพวงมาลาถวายบังคมพระบรมราชานุสรณ์พระบาทสมเด็จพระจุลจอมเกล้าเจ้าอยู่หัว\",\"summary\":\"รูปภาพทั้งหมด\",\"url\":\"https:\\/\\/eng.rmutp.ac.th\\/%e0%b8%84%e0%b8%93%e0%b8%b0%e0%b8%a7%e0%b8%b4%e0%b8%a8%e0%b8%a7%e0%b8%af%e0%b8%a3%e0%b9%88%e0%b8%a7%e0%b8%a1%e0%b8%9e%e0%b8%b4%e0%b8%98%e0%b8%b5%e0%b8%a7%e0%b8%b2%e0%b8%87%e0%b8%9e%e0%b8%a7%e0%b8%87\\/\",\"date_post\":\"24\\/10\\/2025\"},{\"id\":\"12\",\"title\":\"คณะวิศวกรรมศาสตร์ มทร.พระนคร ขอแสดงความยินดี\",\"summary\":\"คณะวิศวกรรมศาสตร์ มทร.พระนคร ขอแสดงความยินดี “ดร.ณัฐวรพล รัชสิริวัชรบุล” […]\",\"url\":\"https:\\/\\/eng.rmutp.ac.th\\/%e0%b8%84%e0%b8%93%e0%b8%b0%e0%b8%a7%e0%b8%b4%e0%b8%a8%e0%b8%a7%e0%b8%81%e0%b8%a3%e0%b8%a3%e0%b8%a1%e0%b8%a8%e0%b8%b2%e0%b8%aa%e0%b8%95%e0%b8%a3%e0%b9%8c-%e0%b8%a1%e0%b8%97%e0%b8%a3-%e0%b8%9e-8\\/\",\"date_post\":\"16\\/10\\/2025\"},{\"id\":\"13\",\"title\":\"กำหนดการขอเปิดรายวิชานอกแผนการเรียน ระดับ ปวช. ภาคเรียนที่ 2\\/2568\",\"summary\":\"📣📣ประกาศจากคณะวิศวกรรมศาสตร์ มทร.พระนคร📣📣 กำหนดการขอเปิดรายวิชานอกแผนการเรียน ระดับ ปวช. […]\",\"url\":\"https:\\/\\/eng.rmutp.ac.th\\/%e0%b8%81%e0%b8%b3%e0%b8%ab%e0%b8%99%e0%b8%94%e0%b8%81%e0%b8%b2%e0%b8%a3%e0%b8%82%e0%b8%ad%e0%b9%80%e0%b8%9b%e0%b8%b4%e0%b8%94%e0%b8%a3%e0%b8%b2%e0%b8%a2%e0%b8%a7%e0%b8%b4%e0%b8%8a%e0%b8%b2%e0%b8%99-3\\/\",\"date_post\":\"16\\/10\\/2025\"},{\"id\":\"4\",\"title\":\"คณะบริหารธุรกิจ รับสมัครบุคคลเพื่อจ้างเป็นพนักงานมหาวิทยาลัย ตำแหน่งวิชาการ ครั้งที่ 2\\/2568\",\"summary\":\"คณะบริหารธุรกิจ มทร.พระนคร ประกาศการสรรหาบุคคลเพื่อจ้างเป็นพนักงานมหาวิทยาลัย ครั้งที่ 2\\/2568 […]\",\"url\":\"https:\\/\\/eng.rmutp.ac.th\\/%e0%b8%84%e0%b8%93%e0%b8%b0%e0%b8%9a%e0%b8%a3%e0%b8%b4%e0%b8%ab%e0%b8%b2%e0%b8%a3%e0%b8%98%e0%b8%b8%e0%b8%a3%e0%b8%81%e0%b8%b4%e0%b8%88-%e0%b8%a3%e0%b8%b1%e0%b8%9a%e0%b8%aa%e0%b8%a1%e0%b8%b1-7\\/\",\"date_post\":\"10\\/11\\/2025\"},{\"id\":\"5\",\"title\":\"วิทยาลัยการจัดการเพื่อการพัฒนา มหาวิทยาลัยทักษิณ เชิญเข้าร่วมโครงการเพื่อพัฒนาบุคลากรภาครัฐและบุคลากรทั่วไป\",\"summary\":\"วิทยาลัยการจัดการเพื่อการพัฒนา มหาวิทยาลัยทักษิณ ได้กำหนดจัดโครงการเพื่อพัฒนาบุคลากรภาครัฐและบุคลากรทั่วไป ณ โรงแรมเชียงใหม่ออคิด […]\",\"url\":\"https:\\/\\/eng.rmutp.ac.th\\/%e0%b8%a7%e0%b8%b4%e0%b8%97%e0%b8%a2%e0%b8%b2%e0%b8%a5%e0%b8%b1%e0%b8%a2%e0%b8%81%e0%b8%b2%e0%b8%a3%e0%b8%88%e0%b8%b1%e0%b8%94%e0%b8%81%e0%b8%b2%e0%b8%a3%e0%b9%80%e0%b8%9e%e0%b8%b7%e0%b9%88%e0%b8%ad-3\\/\",\"date_post\":\"10\\/11\\/2025\"}]}', 'news', '[\"ข่าว\"]', 'chat_69148476d18982.13048936', '::1', '2025-11-12 14:33:55'),
(35, 'ข่าวล่าสุด', '{\"type\":\"news\",\"items\":[{\"id\":\"8\",\"title\":\"คณะวิศวฯร่วมพิธีวางพวงมาลาถวายบังคมพระบรมราชานุสรณ์พระบาทสมเด็จพระจุลจอมเกล้าเจ้าอยู่หัว\",\"summary\":\"รูปภาพทั้งหมด\",\"url\":\"https:\\/\\/eng.rmutp.ac.th\\/%e0%b8%84%e0%b8%93%e0%b8%b0%e0%b8%a7%e0%b8%b4%e0%b8%a8%e0%b8%a7%e0%b8%af%e0%b8%a3%e0%b9%88%e0%b8%a7%e0%b8%a1%e0%b8%9e%e0%b8%b4%e0%b8%98%e0%b8%b5%e0%b8%a7%e0%b8%b2%e0%b8%87%e0%b8%9e%e0%b8%a7%e0%b8%87\\/\",\"date_post\":\"24\\/10\\/2025\"},{\"id\":\"9\",\"title\":\"คณะวิศวกรรมศาสตร์ มทร.พระนคร ขอแสดงความยินดี\",\"summary\":\"คณะวิศวกรรมศาสตร์ มทร.พระนคร ขอแสดงความยินดี “ดร.ณัฐวรพล รัชสิริวัชรบุล” […]\",\"url\":\"https:\\/\\/eng.rmutp.ac.th\\/%e0%b8%84%e0%b8%93%e0%b8%b0%e0%b8%a7%e0%b8%b4%e0%b8%a8%e0%b8%a7%e0%b8%81%e0%b8%a3%e0%b8%a3%e0%b8%a1%e0%b8%a8%e0%b8%b2%e0%b8%aa%e0%b8%95%e0%b8%a3%e0%b9%8c-%e0%b8%a1%e0%b8%97%e0%b8%a3-%e0%b8%9e-8\\/\",\"date_post\":\"16\\/10\\/2025\"},{\"id\":\"10\",\"title\":\"กำหนดการขอเปิดรายวิชานอกแผนการเรียน ระดับ ปวช. ภาคเรียนที่ 2\\/2568\",\"summary\":\"📣📣ประกาศจากคณะวิศวกรรมศาสตร์ มทร.พระนคร📣📣 กำหนดการขอเปิดรายวิชานอกแผนการเรียน ระดับ ปวช. […]\",\"url\":\"https:\\/\\/eng.rmutp.ac.th\\/%e0%b8%81%e0%b8%b3%e0%b8%ab%e0%b8%99%e0%b8%94%e0%b8%81%e0%b8%b2%e0%b8%a3%e0%b8%82%e0%b8%ad%e0%b9%80%e0%b8%9b%e0%b8%b4%e0%b8%94%e0%b8%a3%e0%b8%b2%e0%b8%a2%e0%b8%a7%e0%b8%b4%e0%b8%8a%e0%b8%b2%e0%b8%99-3\\/\",\"date_post\":\"16\\/10\\/2025\"},{\"id\":\"1\",\"title\":\"คณะบริหารธุรกิจ รับสมัครบุคคลเพื่อจ้างเป็นพนักงานมหาวิทยาลัย ตำแหน่งวิชาการ ครั้งที่ 2\\/2568\",\"summary\":\"คณะบริหารธุรกิจ มทร.พระนคร ประกาศการสรรหาบุคคลเพื่อจ้างเป็นพนักงานมหาวิทยาลัย ครั้งที่ 2\\/2568 […]\",\"url\":\"https:\\/\\/eng.rmutp.ac.th\\/%e0%b8%84%e0%b8%93%e0%b8%b0%e0%b8%9a%e0%b8%a3%e0%b8%b4%e0%b8%ab%e0%b8%b2%e0%b8%a3%e0%b8%98%e0%b8%b8%e0%b8%a3%e0%b8%81%e0%b8%b4%e0%b8%88-%e0%b8%a3%e0%b8%b1%e0%b8%9a%e0%b8%aa%e0%b8%a1%e0%b8%b1-7\\/\",\"date_post\":\"10\\/11\\/2025\"},{\"id\":\"2\",\"title\":\"วิทยาลัยการจัดการเพื่อการพัฒนา มหาวิทยาลัยทักษิณ เชิญเข้าร่วมโครงการเพื่อพัฒนาบุคลากรภาครัฐและบุคลากรทั่วไป\",\"summary\":\"วิทยาลัยการจัดการเพื่อการพัฒนา มหาวิทยาลัยทักษิณ ได้กำหนดจัดโครงการเพื่อพัฒนาบุคลากรภาครัฐและบุคลากรทั่วไป ณ โรงแรมเชียงใหม่ออคิด […]\",\"url\":\"https:\\/\\/eng.rmutp.ac.th\\/%e0%b8%a7%e0%b8%b4%e0%b8%97%e0%b8%a2%e0%b8%b2%e0%b8%a5%e0%b8%b1%e0%b8%a2%e0%b8%81%e0%b8%b2%e0%b8%a3%e0%b8%88%e0%b8%b1%e0%b8%94%e0%b8%81%e0%b8%b2%e0%b8%a3%e0%b9%80%e0%b8%9e%e0%b8%b7%e0%b9%88%e0%b8%ad-3\\/\",\"date_post\":\"10\\/11\\/2025\"}]}', 'news', '[\"ข่าว\"]', 'chat_69148476d18982.13048936', '::1', '2025-11-12 14:36:55'),
(36, 'ข่าวล่าสุด', '{\"type\":\"news\",\"items\":[{\"id\":\"7\",\"title\":\"ขอความร่วมมือผู้สำเร็จการศึกษาระดับ ปวช. ปีการศึกษา 2567 (รหัสปี 65) ตอบแบบสำรวจ\",\"summary\":\"คณะวิศวกรรมศาสตร์ มหาวิทยาลัยเทคโนโลยีราชมงคลพรนะคร ขอความร่วมมือผู้สำเร็จการศึกษาระดับ ปวช. ปีการศึกษา […]\",\"url\":\"https:\\/\\/eng.rmutp.ac.th\\/%e0%b8%82%e0%b8%ad%e0%b8%84%e0%b8%a7%e0%b8%b2%e0%b8%a1%e0%b8%a3%e0%b9%88%e0%b8%a7%e0%b8%a1%e0%b8%a1%e0%b8%b7%e0%b8%ad%e0%b8%9c%e0%b8%b9%e0%b9%89%e0%b8%aa%e0%b8%b3%e0%b9%80%e0%b8%a3%e0%b9%87%e0%b8%88-2\\/\",\"date_post\":\"22\\/07\\/2025\"},{\"id\":\"8\",\"title\":\"ขอความร่วมมือผู้สำเร็จการศึกษาระดับ ปวช. ปีการศึกษา 2566 (รหัสปี 64) ตอบแบบสำรวจ\",\"summary\":\"คณะวิศวกรรมศาสตร์ มหาวิทยาลัยเทคโนโลยีราชมงคลพรนะคร ขอความร่วมมือผู้สำเร็จการศึกษาระดับ ปวช. ปีการศึกษา […]\",\"url\":\"https:\\/\\/eng.rmutp.ac.th\\/%e0%b8%82%e0%b8%ad%e0%b8%84%e0%b8%a7%e0%b8%b2%e0%b8%a1%e0%b8%a3%e0%b9%88%e0%b8%a7%e0%b8%a1%e0%b8%a1%e0%b8%b7%e0%b8%ad%e0%b8%9c%e0%b8%b9%e0%b9%89%e0%b8%aa%e0%b8%b3%e0%b9%80%e0%b8%a3%e0%b9%87%e0%b8%88\\/\",\"date_post\":\"22\\/07\\/2025\"},{\"id\":\"9\",\"title\":\"การประชุมคณะกรรมการบริหารคณะวิศวกรรมศาสตร์ ครั้งที่ 6\\/2568\",\"summary\":\"การประชุมคณะกรรมการบริหารคณะวิศวกรรมศาสตร์ ครั้งที่ 6\\/2568 วันศุกร์ที่ 27 […]\",\"url\":\"https:\\/\\/eng.rmutp.ac.th\\/%e0%b8%81%e0%b8%b2%e0%b8%a3%e0%b8%9b%e0%b8%a3%e0%b8%b0%e0%b8%8a%e0%b8%b8%e0%b8%a1%e0%b8%84%e0%b8%93%e0%b8%b0%e0%b8%81%e0%b8%a3%e0%b8%a3%e0%b8%a1%e0%b8%81%e0%b8%b2%e0%b8%a3%e0%b8%9a%e0%b8%a3%e0%b8%b4-9\\/\",\"date_post\":\"22\\/07\\/2025\"},{\"id\":\"10\",\"title\":\"พิธีพระราชทานปริญญาบัตร มหาวิทยาลัยเทคโนโลยีราชมงคลพระนคร ครั้งที่ 39 ปีการศึกษา 2567\",\"summary\":\"พิธีพระราชทานปริญญาบัตร มหาวิทยาลัยเทคโนโลยีราชมงคลพระนคร ครั้งที่ 39 ปีการศึกษา […]\",\"url\":\"https:\\/\\/eng.rmutp.ac.th\\/%e0%b8%9e%e0%b8%b4%e0%b8%98%e0%b8%b5%e0%b8%9e%e0%b8%a3%e0%b8%b0%e0%b8%a3%e0%b8%b2%e0%b8%8a%e0%b8%97%e0%b8%b2%e0%b8%99%e0%b8%9b%e0%b8%a3%e0%b8%b4%e0%b8%8d%e0%b8%8d%e0%b8%b2%e0%b8%9a%e0%b8%b1%e0%b8%95-6\\/\",\"date_post\":\"18\\/07\\/2025\"},{\"id\":\"5\",\"title\":\"ร่วมกิจกรรมเฉลิมพระเกียรติ พระบาทสมเด็จพระปรเมนทรมหาอานันทมหิดล พระอัฐมรามาธิบดินทร รัชกาลที่ ๘\",\"summary\":\"มหาวิทยาลัยเทคโนโลยีราชมงคลพระนครขอเชิญผู้บริหาร คณาจารย์ บุคลากร นักศึกษา ร่วมกิจกรรมเฉลิมพระเกียรติ […]\",\"url\":\"https:\\/\\/eng.rmutp.ac.th\\/%e0%b8%a3%e0%b9%88%e0%b8%a7%e0%b8%a1%e0%b8%81%e0%b8%b4%e0%b8%88%e0%b8%81%e0%b8%a3%e0%b8%a3%e0%b8%a1%e0%b9%80%e0%b8%89%e0%b8%a5%e0%b8%b4%e0%b8%a1%e0%b8%9e%e0%b8%a3%e0%b8%b0%e0%b9%80%e0%b8%81%e0%b8%b5\\/\",\"date_post\":\"17\\/09\\/2025\"}]}', 'news', '[\"ข่าว\"]', 'chat_69148476d18982.13048936', '::1', '2025-11-12 14:51:44'),
(37, 'ข่าวกิจกรรม', '{\"type\":\"news\",\"items\":[{\"id\":\"19\",\"title\":\"กิจกรรมตักบาตรอาหารแห้ง ประจำเดือนกรกฎาคม 2568\",\"summary\":\"รูปภาพทั้งหมด\",\"url\":\"https:\\/\\/eng.rmutp.ac.th\\/%e0%b8%81%e0%b8%b4%e0%b8%88%e0%b8%81%e0%b8%a3%e0%b8%a3%e0%b8%a1%e0%b8%95%e0%b8%b1%e0%b8%81%e0%b8%9a%e0%b8%b2%e0%b8%95%e0%b8%a3%e0%b8%ad%e0%b8%b2%e0%b8%ab%e0%b8%b2%e0%b8%a3%e0%b9%81%e0%b8%ab%e0%b9%89-2\\/\",\"date_post\":\"25\\/07\\/2025\"},{\"id\":\"20\",\"title\":\"วิศวฯ ร่วมออกบูธกิจกรรมแนะแนวโรงเรียนพระแม่สกลสงเคราะห์\",\"summary\":\"รูปภาพทั้งหมด\",\"url\":\"https:\\/\\/eng.rmutp.ac.th\\/%e0%b8%a7%e0%b8%b4%e0%b8%a8%e0%b8%a7%e0%b8%af-%e0%b8%a3%e0%b9%88%e0%b8%a7%e0%b8%a1%e0%b8%ad%e0%b8%ad%e0%b8%81%e0%b8%9a%e0%b8%b9%e0%b8%98%e0%b8%81%e0%b8%b4%e0%b8%88%e0%b8%81%e0%b8%a3%e0%b8%a3-7\\/\",\"date_post\":\"25\\/07\\/2025\"},{\"id\":\"14\",\"title\":\"คณะวิศวฯร่วมพิธีวางพวงมาลาถวายบังคมพระบรมราชานุสรณ์พระบาทสมเด็จพระจุลจอมเกล้าเจ้าอยู่หัว\",\"summary\":\"รูปภาพทั้งหมด\",\"url\":\"https:\\/\\/eng.rmutp.ac.th\\/%e0%b8%84%e0%b8%93%e0%b8%b0%e0%b8%a7%e0%b8%b4%e0%b8%a8%e0%b8%a7%e0%b8%af%e0%b8%a3%e0%b9%88%e0%b8%a7%e0%b8%a1%e0%b8%9e%e0%b8%b4%e0%b8%98%e0%b8%b5%e0%b8%a7%e0%b8%b2%e0%b8%87%e0%b8%9e%e0%b8%a7%e0%b8%87\\/\",\"date_post\":\"24\\/10\\/2025\"},{\"id\":\"7\",\"title\":\"ขอความร่วมมือผู้สำเร็จการศึกษาระดับ ปวช. ปีการศึกษา 2567 (รหัสปี 65) ตอบแบบสำรวจ\",\"summary\":\"คณะวิศวกรรมศาสตร์ มหาวิทยาลัยเทคโนโลยีราชมงคลพรนะคร ขอความร่วมมือผู้สำเร็จการศึกษาระดับ ปวช. ปีการศึกษา […]\",\"url\":\"https:\\/\\/eng.rmutp.ac.th\\/%e0%b8%82%e0%b8%ad%e0%b8%84%e0%b8%a7%e0%b8%b2%e0%b8%a1%e0%b8%a3%e0%b9%88%e0%b8%a7%e0%b8%a1%e0%b8%a1%e0%b8%b7%e0%b8%ad%e0%b8%9c%e0%b8%b9%e0%b9%89%e0%b8%aa%e0%b8%b3%e0%b9%80%e0%b8%a3%e0%b9%87%e0%b8%88-2\\/\",\"date_post\":\"22\\/07\\/2025\"},{\"id\":\"8\",\"title\":\"ขอความร่วมมือผู้สำเร็จการศึกษาระดับ ปวช. ปีการศึกษา 2566 (รหัสปี 64) ตอบแบบสำรวจ\",\"summary\":\"คณะวิศวกรรมศาสตร์ มหาวิทยาลัยเทคโนโลยีราชมงคลพรนะคร ขอความร่วมมือผู้สำเร็จการศึกษาระดับ ปวช. ปีการศึกษา […]\",\"url\":\"https:\\/\\/eng.rmutp.ac.th\\/%e0%b8%82%e0%b8%ad%e0%b8%84%e0%b8%a7%e0%b8%b2%e0%b8%a1%e0%b8%a3%e0%b9%88%e0%b8%a7%e0%b8%a1%e0%b8%a1%e0%b8%b7%e0%b8%ad%e0%b8%9c%e0%b8%b9%e0%b9%89%e0%b8%aa%e0%b8%b3%e0%b9%80%e0%b8%a3%e0%b9%87%e0%b8%88\\/\",\"date_post\":\"22\\/07\\/2025\"}]}', 'news', '[\"ข่าว\"]', 'chat_69148476d18982.13048936', '::1', '2025-11-12 14:54:51'),
(38, 'ข่าวล่าสุด', '{\"type\":\"news\",\"items\":[{\"id\":\"20\",\"title\":\"วิศวฯ ร่วมออกบูธกิจกรรมแนะแนวโรงเรียนพระแม่สกลสงเคราะห์\",\"summary\":\"รูปภาพทั้งหมด\",\"url\":\"https:\\/\\/eng.rmutp.ac.th\\/%e0%b8%a7%e0%b8%b4%e0%b8%a8%e0%b8%a7%e0%b8%af-%e0%b8%a3%e0%b9%88%e0%b8%a7%e0%b8%a1%e0%b8%ad%e0%b8%ad%e0%b8%81%e0%b8%9a%e0%b8%b9%e0%b8%98%e0%b8%81%e0%b8%b4%e0%b8%88%e0%b8%81%e0%b8%a3%e0%b8%a3-7\\/\",\"date_post\":\"25\\/07\\/2025\",\"source\":\"scraped:กิจกรรมคณะวิศวกรรมศาสตร์\"},{\"id\":\"19\",\"title\":\"กิจกรรมตักบาตรอาหารแห้ง ประจำเดือนกรกฎาคม 2568\",\"summary\":\"รูปภาพทั้งหมด\",\"url\":\"https:\\/\\/eng.rmutp.ac.th\\/%e0%b8%81%e0%b8%b4%e0%b8%88%e0%b8%81%e0%b8%a3%e0%b8%a3%e0%b8%a1%e0%b8%95%e0%b8%b1%e0%b8%81%e0%b8%9a%e0%b8%b2%e0%b8%95%e0%b8%a3%e0%b8%ad%e0%b8%b2%e0%b8%ab%e0%b8%b2%e0%b8%a3%e0%b9%81%e0%b8%ab%e0%b9%89-2\\/\",\"date_post\":\"25\\/07\\/2025\",\"source\":\"scraped:กิจกรรมคณะวิศวกรรมศาสตร์\"},{\"id\":\"14\",\"title\":\"คณะวิศวฯร่วมพิธีวางพวงมาลาถวายบังคมพระบรมราชานุสรณ์พระบาทสมเด็จพระจุลจอมเกล้าเจ้าอยู่หัว\",\"summary\":\"รูปภาพทั้งหมด\",\"url\":\"https:\\/\\/eng.rmutp.ac.th\\/%e0%b8%84%e0%b8%93%e0%b8%b0%e0%b8%a7%e0%b8%b4%e0%b8%a8%e0%b8%a7%e0%b8%af%e0%b8%a3%e0%b9%88%e0%b8%a7%e0%b8%a1%e0%b8%9e%e0%b8%b4%e0%b8%98%e0%b8%b5%e0%b8%a7%e0%b8%b2%e0%b8%87%e0%b8%9e%e0%b8%a7%e0%b8%87\\/\",\"date_post\":\"24\\/10\\/2025\",\"source\":\"scraped:กิจกรรมคณะวิศวกรรมศาสตร์\"},{\"id\":\"9\",\"title\":\"การประชุมคณะกรรมการบริหารคณะวิศวกรรมศาสตร์ ครั้งที่ 6\\/2568\",\"summary\":\"การประชุมคณะกรรมการบริหารคณะวิศวกรรมศาสตร์ ครั้งที่ 6\\/2568 วันศุกร์ที่ 27 […]\",\"url\":\"https:\\/\\/eng.rmutp.ac.th\\/%e0%b8%81%e0%b8%b2%e0%b8%a3%e0%b8%9b%e0%b8%a3%e0%b8%b0%e0%b8%8a%e0%b8%b8%e0%b8%a1%e0%b8%84%e0%b8%93%e0%b8%b0%e0%b8%81%e0%b8%a3%e0%b8%a3%e0%b8%a1%e0%b8%81%e0%b8%b2%e0%b8%a3%e0%b8%9a%e0%b8%a3%e0%b8%b4-9\\/\",\"date_post\":\"22\\/07\\/2025\",\"source\":\"scraped:ข่าวประชาสัมพันธ์\"},{\"id\":\"8\",\"title\":\"ขอความร่วมมือผู้สำเร็จการศึกษาระดับ ปวช. ปีการศึกษา 2566 (รหัสปี 64) ตอบแบบสำรวจ\",\"summary\":\"คณะวิศวกรรมศาสตร์ มหาวิทยาลัยเทคโนโลยีราชมงคลพรนะคร ขอความร่วมมือผู้สำเร็จการศึกษาระดับ ปวช. ปีการศึกษา […]\",\"url\":\"https:\\/\\/eng.rmutp.ac.th\\/%e0%b8%82%e0%b8%ad%e0%b8%84%e0%b8%a7%e0%b8%b2%e0%b8%a1%e0%b8%a3%e0%b9%88%e0%b8%a7%e0%b8%a1%e0%b8%a1%e0%b8%b7%e0%b8%ad%e0%b8%9c%e0%b8%b9%e0%b9%89%e0%b8%aa%e0%b8%b3%e0%b9%80%e0%b8%a3%e0%b9%87%e0%b8%88\\/\",\"date_post\":\"22\\/07\\/2025\",\"source\":\"scraped:ข่าวประชาสัมพันธ์\"},{\"id\":\"7\",\"title\":\"ขอความร่วมมือผู้สำเร็จการศึกษาระดับ ปวช. ปีการศึกษา 2567 (รหัสปี 65) ตอบแบบสำรวจ\",\"summary\":\"คณะวิศวกรรมศาสตร์ มหาวิทยาลัยเทคโนโลยีราชมงคลพรนะคร ขอความร่วมมือผู้สำเร็จการศึกษาระดับ ปวช. ปีการศึกษา […]\",\"url\":\"https:\\/\\/eng.rmutp.ac.th\\/%e0%b8%82%e0%b8%ad%e0%b8%84%e0%b8%a7%e0%b8%b2%e0%b8%a1%e0%b8%a3%e0%b9%88%e0%b8%a7%e0%b8%a1%e0%b8%a1%e0%b8%b7%e0%b8%ad%e0%b8%9c%e0%b8%b9%e0%b9%89%e0%b8%aa%e0%b8%b3%e0%b9%80%e0%b8%a3%e0%b9%87%e0%b8%88-2\\/\",\"date_post\":\"22\\/07\\/2025\",\"source\":\"scraped:ข่าวประชาสัมพันธ์\"}]}', 'news', '[\"ข่าว\"]', 'chat_69148476d18982.13048936', '::1', '2025-11-12 15:06:15'),
(39, 'ข่าว', '{\"type\":\"news\",\"items\":[{\"id\":\"20\",\"title\":\"วิศวฯ ร่วมออกบูธกิจกรรมแนะแนวโรงเรียนพระแม่สกลสงเคราะห์\",\"summary\":\"รูปภาพทั้งหมด\",\"url\":\"https:\\/\\/eng.rmutp.ac.th\\/%e0%b8%a7%e0%b8%b4%e0%b8%a8%e0%b8%a7%e0%b8%af-%e0%b8%a3%e0%b9%88%e0%b8%a7%e0%b8%a1%e0%b8%ad%e0%b8%ad%e0%b8%81%e0%b8%9a%e0%b8%b9%e0%b8%98%e0%b8%81%e0%b8%b4%e0%b8%88%e0%b8%81%e0%b8%a3%e0%b8%a3-7\\/\",\"date_post\":\"25\\/07\\/2025\",\"source\":\"scraped:กิจกรรมคณะวิศวกรรมศาสตร์\"},{\"id\":\"19\",\"title\":\"กิจกรรมตักบาตรอาหารแห้ง ประจำเดือนกรกฎาคม 2568\",\"summary\":\"รูปภาพทั้งหมด\",\"url\":\"https:\\/\\/eng.rmutp.ac.th\\/%e0%b8%81%e0%b8%b4%e0%b8%88%e0%b8%81%e0%b8%a3%e0%b8%a3%e0%b8%a1%e0%b8%95%e0%b8%b1%e0%b8%81%e0%b8%9a%e0%b8%b2%e0%b8%95%e0%b8%a3%e0%b8%ad%e0%b8%b2%e0%b8%ab%e0%b8%b2%e0%b8%a3%e0%b9%81%e0%b8%ab%e0%b9%89-2\\/\",\"date_post\":\"25\\/07\\/2025\",\"source\":\"scraped:กิจกรรมคณะวิศวกรรมศาสตร์\"},{\"id\":\"14\",\"title\":\"คณะวิศวฯร่วมพิธีวางพวงมาลาถวายบังคมพระบรมราชานุสรณ์พระบาทสมเด็จพระจุลจอมเกล้าเจ้าอยู่หัว\",\"summary\":\"รูปภาพทั้งหมด\",\"url\":\"https:\\/\\/eng.rmutp.ac.th\\/%e0%b8%84%e0%b8%93%e0%b8%b0%e0%b8%a7%e0%b8%b4%e0%b8%a8%e0%b8%a7%e0%b8%af%e0%b8%a3%e0%b9%88%e0%b8%a7%e0%b8%a1%e0%b8%9e%e0%b8%b4%e0%b8%98%e0%b8%b5%e0%b8%a7%e0%b8%b2%e0%b8%87%e0%b8%9e%e0%b8%a7%e0%b8%87\\/\",\"date_post\":\"24\\/10\\/2025\",\"source\":\"scraped:กิจกรรมคณะวิศวกรรมศาสตร์\"},{\"id\":\"9\",\"title\":\"การประชุมคณะกรรมการบริหารคณะวิศวกรรมศาสตร์ ครั้งที่ 6\\/2568\",\"summary\":\"การประชุมคณะกรรมการบริหารคณะวิศวกรรมศาสตร์ ครั้งที่ 6\\/2568 วันศุกร์ที่ 27 […]\",\"url\":\"https:\\/\\/eng.rmutp.ac.th\\/%e0%b8%81%e0%b8%b2%e0%b8%a3%e0%b8%9b%e0%b8%a3%e0%b8%b0%e0%b8%8a%e0%b8%b8%e0%b8%a1%e0%b8%84%e0%b8%93%e0%b8%b0%e0%b8%81%e0%b8%a3%e0%b8%a3%e0%b8%a1%e0%b8%81%e0%b8%b2%e0%b8%a3%e0%b8%9a%e0%b8%a3%e0%b8%b4-9\\/\",\"date_post\":\"22\\/07\\/2025\",\"source\":\"scraped:ข่าวประชาสัมพันธ์\"},{\"id\":\"8\",\"title\":\"ขอความร่วมมือผู้สำเร็จการศึกษาระดับ ปวช. ปีการศึกษา 2566 (รหัสปี 64) ตอบแบบสำรวจ\",\"summary\":\"คณะวิศวกรรมศาสตร์ มหาวิทยาลัยเทคโนโลยีราชมงคลพรนะคร ขอความร่วมมือผู้สำเร็จการศึกษาระดับ ปวช. ปีการศึกษา […]\",\"url\":\"https:\\/\\/eng.rmutp.ac.th\\/%e0%b8%82%e0%b8%ad%e0%b8%84%e0%b8%a7%e0%b8%b2%e0%b8%a1%e0%b8%a3%e0%b9%88%e0%b8%a7%e0%b8%a1%e0%b8%a1%e0%b8%b7%e0%b8%ad%e0%b8%9c%e0%b8%b9%e0%b9%89%e0%b8%aa%e0%b8%b3%e0%b9%80%e0%b8%a3%e0%b9%87%e0%b8%88\\/\",\"date_post\":\"22\\/07\\/2025\",\"source\":\"scraped:ข่าวประชาสัมพันธ์\"},{\"id\":\"7\",\"title\":\"ขอความร่วมมือผู้สำเร็จการศึกษาระดับ ปวช. ปีการศึกษา 2567 (รหัสปี 65) ตอบแบบสำรวจ\",\"summary\":\"คณะวิศวกรรมศาสตร์ มหาวิทยาลัยเทคโนโลยีราชมงคลพรนะคร ขอความร่วมมือผู้สำเร็จการศึกษาระดับ ปวช. ปีการศึกษา […]\",\"url\":\"https:\\/\\/eng.rmutp.ac.th\\/%e0%b8%82%e0%b8%ad%e0%b8%84%e0%b8%a7%e0%b8%b2%e0%b8%a1%e0%b8%a3%e0%b9%88%e0%b8%a7%e0%b8%a1%e0%b8%a1%e0%b8%b7%e0%b8%ad%e0%b8%9c%e0%b8%b9%e0%b9%89%e0%b8%aa%e0%b8%b3%e0%b9%80%e0%b8%a3%e0%b9%87%e0%b8%88-2\\/\",\"date_post\":\"22\\/07\\/2025\",\"source\":\"scraped:ข่าวประชาสัมพันธ์\"}]}', 'news', '[\"ข่าว\"]', 'chat_6914a31ab607f3.50211012', '::1', '2025-11-12 15:09:14'),
(40, 'ข่าวล่าสุด', '{\"type\":\"news\",\"items\":[{\"id\":\"20\",\"title\":\"วิศวฯ ร่วมออกบูธกิจกรรมแนะแนวโรงเรียนพระแม่สกลสงเคราะห์\",\"summary\":\"รูปภาพทั้งหมด\",\"url\":\"https:\\/\\/eng.rmutp.ac.th\\/%e0%b8%a7%e0%b8%b4%e0%b8%a8%e0%b8%a7%e0%b8%af-%e0%b8%a3%e0%b9%88%e0%b8%a7%e0%b8%a1%e0%b8%ad%e0%b8%ad%e0%b8%81%e0%b8%9a%e0%b8%b9%e0%b8%98%e0%b8%81%e0%b8%b4%e0%b8%88%e0%b8%81%e0%b8%a3%e0%b8%a3-7\\/\",\"date_post\":\"25\\/07\\/2025\",\"source\":\"scraped:กิจกรรมคณะวิศวกรรมศาสตร์\"},{\"id\":\"19\",\"title\":\"กิจกรรมตักบาตรอาหารแห้ง ประจำเดือนกรกฎาคม 2568\",\"summary\":\"รูปภาพทั้งหมด\",\"url\":\"https:\\/\\/eng.rmutp.ac.th\\/%e0%b8%81%e0%b8%b4%e0%b8%88%e0%b8%81%e0%b8%a3%e0%b8%a3%e0%b8%a1%e0%b8%95%e0%b8%b1%e0%b8%81%e0%b8%9a%e0%b8%b2%e0%b8%95%e0%b8%a3%e0%b8%ad%e0%b8%b2%e0%b8%ab%e0%b8%b2%e0%b8%a3%e0%b9%81%e0%b8%ab%e0%b9%89-2\\/\",\"date_post\":\"25\\/07\\/2025\",\"source\":\"scraped:กิจกรรมคณะวิศวกรรมศาสตร์\"},{\"id\":\"14\",\"title\":\"คณะวิศวฯร่วมพิธีวางพวงมาลาถวายบังคมพระบรมราชานุสรณ์พระบาทสมเด็จพระจุลจอมเกล้าเจ้าอยู่หัว\",\"summary\":\"รูปภาพทั้งหมด\",\"url\":\"https:\\/\\/eng.rmutp.ac.th\\/%e0%b8%84%e0%b8%93%e0%b8%b0%e0%b8%a7%e0%b8%b4%e0%b8%a8%e0%b8%a7%e0%b8%af%e0%b8%a3%e0%b9%88%e0%b8%a7%e0%b8%a1%e0%b8%9e%e0%b8%b4%e0%b8%98%e0%b8%b5%e0%b8%a7%e0%b8%b2%e0%b8%87%e0%b8%9e%e0%b8%a7%e0%b8%87\\/\",\"date_post\":\"24\\/10\\/2025\",\"source\":\"scraped:กิจกรรมคณะวิศวกรรมศาสตร์\"},{\"id\":\"9\",\"title\":\"การประชุมคณะกรรมการบริหารคณะวิศวกรรมศาสตร์ ครั้งที่ 6\\/2568\",\"summary\":\"การประชุมคณะกรรมการบริหารคณะวิศวกรรมศาสตร์ ครั้งที่ 6\\/2568 วันศุกร์ที่ 27 […]\",\"url\":\"https:\\/\\/eng.rmutp.ac.th\\/%e0%b8%81%e0%b8%b2%e0%b8%a3%e0%b8%9b%e0%b8%a3%e0%b8%b0%e0%b8%8a%e0%b8%b8%e0%b8%a1%e0%b8%84%e0%b8%93%e0%b8%b0%e0%b8%81%e0%b8%a3%e0%b8%a3%e0%b8%a1%e0%b8%81%e0%b8%b2%e0%b8%a3%e0%b8%9a%e0%b8%a3%e0%b8%b4-9\\/\",\"date_post\":\"22\\/07\\/2025\",\"source\":\"scraped:ข่าวประชาสัมพันธ์\"},{\"id\":\"8\",\"title\":\"ขอความร่วมมือผู้สำเร็จการศึกษาระดับ ปวช. ปีการศึกษา 2566 (รหัสปี 64) ตอบแบบสำรวจ\",\"summary\":\"คณะวิศวกรรมศาสตร์ มหาวิทยาลัยเทคโนโลยีราชมงคลพรนะคร ขอความร่วมมือผู้สำเร็จการศึกษาระดับ ปวช. ปีการศึกษา […]\",\"url\":\"https:\\/\\/eng.rmutp.ac.th\\/%e0%b8%82%e0%b8%ad%e0%b8%84%e0%b8%a7%e0%b8%b2%e0%b8%a1%e0%b8%a3%e0%b9%88%e0%b8%a7%e0%b8%a1%e0%b8%a1%e0%b8%b7%e0%b8%ad%e0%b8%9c%e0%b8%b9%e0%b9%89%e0%b8%aa%e0%b8%b3%e0%b9%80%e0%b8%a3%e0%b9%87%e0%b8%88\\/\",\"date_post\":\"22\\/07\\/2025\",\"source\":\"scraped:ข่าวประชาสัมพันธ์\"},{\"id\":\"7\",\"title\":\"ขอความร่วมมือผู้สำเร็จการศึกษาระดับ ปวช. ปีการศึกษา 2567 (รหัสปี 65) ตอบแบบสำรวจ\",\"summary\":\"คณะวิศวกรรมศาสตร์ มหาวิทยาลัยเทคโนโลยีราชมงคลพรนะคร ขอความร่วมมือผู้สำเร็จการศึกษาระดับ ปวช. ปีการศึกษา […]\",\"url\":\"https:\\/\\/eng.rmutp.ac.th\\/%e0%b8%82%e0%b8%ad%e0%b8%84%e0%b8%a7%e0%b8%b2%e0%b8%a1%e0%b8%a3%e0%b9%88%e0%b8%a7%e0%b8%a1%e0%b8%a1%e0%b8%b7%e0%b8%ad%e0%b8%9c%e0%b8%b9%e0%b9%89%e0%b8%aa%e0%b8%b3%e0%b9%80%e0%b8%a3%e0%b9%87%e0%b8%88-2\\/\",\"date_post\":\"22\\/07\\/2025\",\"source\":\"scraped:ข่าวประชาสัมพันธ์\"}]}', 'news', '[\"ข่าว\"]', 'chat_69148476d18982.13048936', '::1', '2025-11-12 15:11:54'),
(41, 'ข่าวล่าสุด', '{\"type\":\"news\",\"items\":[{\"id\":\"20\",\"title\":\"วิศวฯ ร่วมออกบูธกิจกรรมแนะแนวโรงเรียนพระแม่สกลสงเคราะห์\",\"summary\":\"รูปภาพทั้งหมด\",\"url\":\"https:\\/\\/eng.rmutp.ac.th\\/%e0%b8%a7%e0%b8%b4%e0%b8%a8%e0%b8%a7%e0%b8%af-%e0%b8%a3%e0%b9%88%e0%b8%a7%e0%b8%a1%e0%b8%ad%e0%b8%ad%e0%b8%81%e0%b8%9a%e0%b8%b9%e0%b8%98%e0%b8%81%e0%b8%b4%e0%b8%88%e0%b8%81%e0%b8%a3%e0%b8%a3-7\\/\",\"date_post\":\"25\\/07\\/2025\",\"source\":\"scraped:กิจกรรมคณะวิศวกรรมศาสตร์\"},{\"id\":\"19\",\"title\":\"กิจกรรมตักบาตรอาหารแห้ง ประจำเดือนกรกฎาคม 2568\",\"summary\":\"รูปภาพทั้งหมด\",\"url\":\"https:\\/\\/eng.rmutp.ac.th\\/%e0%b8%81%e0%b8%b4%e0%b8%88%e0%b8%81%e0%b8%a3%e0%b8%a3%e0%b8%a1%e0%b8%95%e0%b8%b1%e0%b8%81%e0%b8%9a%e0%b8%b2%e0%b8%95%e0%b8%a3%e0%b8%ad%e0%b8%b2%e0%b8%ab%e0%b8%b2%e0%b8%a3%e0%b9%81%e0%b8%ab%e0%b9%89-2\\/\",\"date_post\":\"25\\/07\\/2025\",\"source\":\"scraped:กิจกรรมคณะวิศวกรรมศาสตร์\"},{\"id\":\"14\",\"title\":\"คณะวิศวฯร่วมพิธีวางพวงมาลาถวายบังคมพระบรมราชานุสรณ์พระบาทสมเด็จพระจุลจอมเกล้าเจ้าอยู่หัว\",\"summary\":\"รูปภาพทั้งหมด\",\"url\":\"https:\\/\\/eng.rmutp.ac.th\\/%e0%b8%84%e0%b8%93%e0%b8%b0%e0%b8%a7%e0%b8%b4%e0%b8%a8%e0%b8%a7%e0%b8%af%e0%b8%a3%e0%b9%88%e0%b8%a7%e0%b8%a1%e0%b8%9e%e0%b8%b4%e0%b8%98%e0%b8%b5%e0%b8%a7%e0%b8%b2%e0%b8%87%e0%b8%9e%e0%b8%a7%e0%b8%87\\/\",\"date_post\":\"24\\/10\\/2025\",\"source\":\"scraped:กิจกรรมคณะวิศวกรรมศาสตร์\"},{\"id\":\"9\",\"title\":\"การประชุมคณะกรรมการบริหารคณะวิศวกรรมศาสตร์ ครั้งที่ 6\\/2568\",\"summary\":\"การประชุมคณะกรรมการบริหารคณะวิศวกรรมศาสตร์ ครั้งที่ 6\\/2568 วันศุกร์ที่ 27 […]\",\"url\":\"https:\\/\\/eng.rmutp.ac.th\\/%e0%b8%81%e0%b8%b2%e0%b8%a3%e0%b8%9b%e0%b8%a3%e0%b8%b0%e0%b8%8a%e0%b8%b8%e0%b8%a1%e0%b8%84%e0%b8%93%e0%b8%b0%e0%b8%81%e0%b8%a3%e0%b8%a3%e0%b8%a1%e0%b8%81%e0%b8%b2%e0%b8%a3%e0%b8%9a%e0%b8%a3%e0%b8%b4-9\\/\",\"date_post\":\"22\\/07\\/2025\",\"source\":\"scraped:ข่าวประชาสัมพันธ์\"},{\"id\":\"8\",\"title\":\"ขอความร่วมมือผู้สำเร็จการศึกษาระดับ ปวช. ปีการศึกษา 2566 (รหัสปี 64) ตอบแบบสำรวจ\",\"summary\":\"คณะวิศวกรรมศาสตร์ มหาวิทยาลัยเทคโนโลยีราชมงคลพรนะคร ขอความร่วมมือผู้สำเร็จการศึกษาระดับ ปวช. ปีการศึกษา […]\",\"url\":\"https:\\/\\/eng.rmutp.ac.th\\/%e0%b8%82%e0%b8%ad%e0%b8%84%e0%b8%a7%e0%b8%b2%e0%b8%a1%e0%b8%a3%e0%b9%88%e0%b8%a7%e0%b8%a1%e0%b8%a1%e0%b8%b7%e0%b8%ad%e0%b8%9c%e0%b8%b9%e0%b9%89%e0%b8%aa%e0%b8%b3%e0%b9%80%e0%b8%a3%e0%b9%87%e0%b8%88\\/\",\"date_post\":\"22\\/07\\/2025\",\"source\":\"scraped:ข่าวประชาสัมพันธ์\"},{\"id\":\"7\",\"title\":\"ขอความร่วมมือผู้สำเร็จการศึกษาระดับ ปวช. ปีการศึกษา 2567 (รหัสปี 65) ตอบแบบสำรวจ\",\"summary\":\"คณะวิศวกรรมศาสตร์ มหาวิทยาลัยเทคโนโลยีราชมงคลพรนะคร ขอความร่วมมือผู้สำเร็จการศึกษาระดับ ปวช. ปีการศึกษา […]\",\"url\":\"https:\\/\\/eng.rmutp.ac.th\\/%e0%b8%82%e0%b8%ad%e0%b8%84%e0%b8%a7%e0%b8%b2%e0%b8%a1%e0%b8%a3%e0%b9%88%e0%b8%a7%e0%b8%a1%e0%b8%a1%e0%b8%b7%e0%b8%ad%e0%b8%9c%e0%b8%b9%e0%b9%89%e0%b8%aa%e0%b8%b3%e0%b9%80%e0%b8%a3%e0%b9%87%e0%b8%88-2\\/\",\"date_post\":\"22\\/07\\/2025\",\"source\":\"scraped:ข่าวประชาสัมพันธ์\"}]}', 'news', '[\"ข่าว\"]', 'chat_69148476d18982.13048936', '::1', '2025-11-12 15:15:41'),
(42, 'ขอ 1 ข่าว', '{\"type\":\"news\",\"items\":[{\"id\":\"20\",\"title\":\"วิศวฯ ร่วมออกบูธกิจกรรมแนะแนวโรงเรียนพระแม่สกลสงเคราะห์\",\"summary\":\"รูปภาพทั้งหมด\",\"url\":\"https:\\/\\/eng.rmutp.ac.th\\/%e0%b8%a7%e0%b8%b4%e0%b8%a8%e0%b8%a7%e0%b8%af-%e0%b8%a3%e0%b9%88%e0%b8%a7%e0%b8%a1%e0%b8%ad%e0%b8%ad%e0%b8%81%e0%b8%9a%e0%b8%b9%e0%b8%98%e0%b8%81%e0%b8%b4%e0%b8%88%e0%b8%81%e0%b8%a3%e0%b8%a3-7\\/\",\"date_post\":\"25\\/07\\/2025\",\"source\":\"scraped:กิจกรรมคณะวิศวกรรมศาสตร์\"},{\"id\":\"19\",\"title\":\"กิจกรรมตักบาตรอาหารแห้ง ประจำเดือนกรกฎาคม 2568\",\"summary\":\"รูปภาพทั้งหมด\",\"url\":\"https:\\/\\/eng.rmutp.ac.th\\/%e0%b8%81%e0%b8%b4%e0%b8%88%e0%b8%81%e0%b8%a3%e0%b8%a3%e0%b8%a1%e0%b8%95%e0%b8%b1%e0%b8%81%e0%b8%9a%e0%b8%b2%e0%b8%95%e0%b8%a3%e0%b8%ad%e0%b8%b2%e0%b8%ab%e0%b8%b2%e0%b8%a3%e0%b9%81%e0%b8%ab%e0%b9%89-2\\/\",\"date_post\":\"25\\/07\\/2025\",\"source\":\"scraped:กิจกรรมคณะวิศวกรรมศาสตร์\"},{\"id\":\"14\",\"title\":\"คณะวิศวฯร่วมพิธีวางพวงมาลาถวายบังคมพระบรมราชานุสรณ์พระบาทสมเด็จพระจุลจอมเกล้าเจ้าอยู่หัว\",\"summary\":\"รูปภาพทั้งหมด\",\"url\":\"https:\\/\\/eng.rmutp.ac.th\\/%e0%b8%84%e0%b8%93%e0%b8%b0%e0%b8%a7%e0%b8%b4%e0%b8%a8%e0%b8%a7%e0%b8%af%e0%b8%a3%e0%b9%88%e0%b8%a7%e0%b8%a1%e0%b8%9e%e0%b8%b4%e0%b8%98%e0%b8%b5%e0%b8%a7%e0%b8%b2%e0%b8%87%e0%b8%9e%e0%b8%a7%e0%b8%87\\/\",\"date_post\":\"24\\/10\\/2025\",\"source\":\"scraped:กิจกรรมคณะวิศวกรรมศาสตร์\"},{\"id\":\"9\",\"title\":\"การประชุมคณะกรรมการบริหารคณะวิศวกรรมศาสตร์ ครั้งที่ 6\\/2568\",\"summary\":\"การประชุมคณะกรรมการบริหารคณะวิศวกรรมศาสตร์ ครั้งที่ 6\\/2568 วันศุกร์ที่ 27 […]\",\"url\":\"https:\\/\\/eng.rmutp.ac.th\\/%e0%b8%81%e0%b8%b2%e0%b8%a3%e0%b8%9b%e0%b8%a3%e0%b8%b0%e0%b8%8a%e0%b8%b8%e0%b8%a1%e0%b8%84%e0%b8%93%e0%b8%b0%e0%b8%81%e0%b8%a3%e0%b8%a3%e0%b8%a1%e0%b8%81%e0%b8%b2%e0%b8%a3%e0%b8%9a%e0%b8%a3%e0%b8%b4-9\\/\",\"date_post\":\"22\\/07\\/2025\",\"source\":\"scraped:ข่าวประชาสัมพันธ์\"},{\"id\":\"8\",\"title\":\"ขอความร่วมมือผู้สำเร็จการศึกษาระดับ ปวช. ปีการศึกษา 2566 (รหัสปี 64) ตอบแบบสำรวจ\",\"summary\":\"คณะวิศวกรรมศาสตร์ มหาวิทยาลัยเทคโนโลยีราชมงคลพรนะคร ขอความร่วมมือผู้สำเร็จการศึกษาระดับ ปวช. ปีการศึกษา […]\",\"url\":\"https:\\/\\/eng.rmutp.ac.th\\/%e0%b8%82%e0%b8%ad%e0%b8%84%e0%b8%a7%e0%b8%b2%e0%b8%a1%e0%b8%a3%e0%b9%88%e0%b8%a7%e0%b8%a1%e0%b8%a1%e0%b8%b7%e0%b8%ad%e0%b8%9c%e0%b8%b9%e0%b9%89%e0%b8%aa%e0%b8%b3%e0%b9%80%e0%b8%a3%e0%b9%87%e0%b8%88\\/\",\"date_post\":\"22\\/07\\/2025\",\"source\":\"scraped:ข่าวประชาสัมพันธ์\"},{\"id\":\"7\",\"title\":\"ขอความร่วมมือผู้สำเร็จการศึกษาระดับ ปวช. ปีการศึกษา 2567 (รหัสปี 65) ตอบแบบสำรวจ\",\"summary\":\"คณะวิศวกรรมศาสตร์ มหาวิทยาลัยเทคโนโลยีราชมงคลพรนะคร ขอความร่วมมือผู้สำเร็จการศึกษาระดับ ปวช. ปีการศึกษา […]\",\"url\":\"https:\\/\\/eng.rmutp.ac.th\\/%e0%b8%82%e0%b8%ad%e0%b8%84%e0%b8%a7%e0%b8%b2%e0%b8%a1%e0%b8%a3%e0%b9%88%e0%b8%a7%e0%b8%a1%e0%b8%a1%e0%b8%b7%e0%b8%ad%e0%b8%9c%e0%b8%b9%e0%b9%89%e0%b8%aa%e0%b8%b3%e0%b9%80%e0%b8%a3%e0%b9%87%e0%b8%88-2\\/\",\"date_post\":\"22\\/07\\/2025\",\"source\":\"scraped:ข่าวประชาสัมพันธ์\"}]}', 'news', '[\"ข่าว\"]', 'chat_69148476d18982.13048936', '::1', '2025-11-12 15:16:02'),
(43, 'ข่าวล่าสุด', '{\"type\":\"news\",\"items\":[{\"id\":\"20\",\"title\":\"วิศวฯ ร่วมออกบูธกิจกรรมแนะแนวโรงเรียนพระแม่สกลสงเคราะห์\",\"summary\":\"รูปภาพทั้งหมด\",\"url\":\"https:\\/\\/eng.rmutp.ac.th\\/%e0%b8%a7%e0%b8%b4%e0%b8%a8%e0%b8%a7%e0%b8%af-%e0%b8%a3%e0%b9%88%e0%b8%a7%e0%b8%a1%e0%b8%ad%e0%b8%ad%e0%b8%81%e0%b8%9a%e0%b8%b9%e0%b8%98%e0%b8%81%e0%b8%b4%e0%b8%88%e0%b8%81%e0%b8%a3%e0%b8%a3-7\\/\",\"date_post\":\"25\\/07\\/2025\",\"source\":\"scraped:กิจกรรมคณะวิศวกรรมศาสตร์\"},{\"id\":\"19\",\"title\":\"กิจกรรมตักบาตรอาหารแห้ง ประจำเดือนกรกฎาคม 2568\",\"summary\":\"รูปภาพทั้งหมด\",\"url\":\"https:\\/\\/eng.rmutp.ac.th\\/%e0%b8%81%e0%b8%b4%e0%b8%88%e0%b8%81%e0%b8%a3%e0%b8%a3%e0%b8%a1%e0%b8%95%e0%b8%b1%e0%b8%81%e0%b8%9a%e0%b8%b2%e0%b8%95%e0%b8%a3%e0%b8%ad%e0%b8%b2%e0%b8%ab%e0%b8%b2%e0%b8%a3%e0%b9%81%e0%b8%ab%e0%b9%89-2\\/\",\"date_post\":\"25\\/07\\/2025\",\"source\":\"scraped:กิจกรรมคณะวิศวกรรมศาสตร์\"},{\"id\":\"14\",\"title\":\"คณะวิศวฯร่วมพิธีวางพวงมาลาถวายบังคมพระบรมราชานุสรณ์พระบาทสมเด็จพระจุลจอมเกล้าเจ้าอยู่หัว\",\"summary\":\"รูปภาพทั้งหมด\",\"url\":\"https:\\/\\/eng.rmutp.ac.th\\/%e0%b8%84%e0%b8%93%e0%b8%b0%e0%b8%a7%e0%b8%b4%e0%b8%a8%e0%b8%a7%e0%b8%af%e0%b8%a3%e0%b9%88%e0%b8%a7%e0%b8%a1%e0%b8%9e%e0%b8%b4%e0%b8%98%e0%b8%b5%e0%b8%a7%e0%b8%b2%e0%b8%87%e0%b8%9e%e0%b8%a7%e0%b8%87\\/\",\"date_post\":\"24\\/10\\/2025\",\"source\":\"scraped:กิจกรรมคณะวิศวกรรมศาสตร์\"},{\"id\":\"9\",\"title\":\"การประชุมคณะกรรมการบริหารคณะวิศวกรรมศาสตร์ ครั้งที่ 6\\/2568\",\"summary\":\"การประชุมคณะกรรมการบริหารคณะวิศวกรรมศาสตร์ ครั้งที่ 6\\/2568 วันศุกร์ที่ 27 […]\",\"url\":\"https:\\/\\/eng.rmutp.ac.th\\/%e0%b8%81%e0%b8%b2%e0%b8%a3%e0%b8%9b%e0%b8%a3%e0%b8%b0%e0%b8%8a%e0%b8%b8%e0%b8%a1%e0%b8%84%e0%b8%93%e0%b8%b0%e0%b8%81%e0%b8%a3%e0%b8%a3%e0%b8%a1%e0%b8%81%e0%b8%b2%e0%b8%a3%e0%b8%9a%e0%b8%a3%e0%b8%b4-9\\/\",\"date_post\":\"22\\/07\\/2025\",\"source\":\"scraped:ข่าวประชาสัมพันธ์\"},{\"id\":\"8\",\"title\":\"ขอความร่วมมือผู้สำเร็จการศึกษาระดับ ปวช. ปีการศึกษา 2566 (รหัสปี 64) ตอบแบบสำรวจ\",\"summary\":\"คณะวิศวกรรมศาสตร์ มหาวิทยาลัยเทคโนโลยีราชมงคลพรนะคร ขอความร่วมมือผู้สำเร็จการศึกษาระดับ ปวช. ปีการศึกษา […]\",\"url\":\"https:\\/\\/eng.rmutp.ac.th\\/%e0%b8%82%e0%b8%ad%e0%b8%84%e0%b8%a7%e0%b8%b2%e0%b8%a1%e0%b8%a3%e0%b9%88%e0%b8%a7%e0%b8%a1%e0%b8%a1%e0%b8%b7%e0%b8%ad%e0%b8%9c%e0%b8%b9%e0%b9%89%e0%b8%aa%e0%b8%b3%e0%b9%80%e0%b8%a3%e0%b9%87%e0%b8%88\\/\",\"date_post\":\"22\\/07\\/2025\",\"source\":\"scraped:ข่าวประชาสัมพันธ์\"},{\"id\":\"7\",\"title\":\"ขอความร่วมมือผู้สำเร็จการศึกษาระดับ ปวช. ปีการศึกษา 2567 (รหัสปี 65) ตอบแบบสำรวจ\",\"summary\":\"คณะวิศวกรรมศาสตร์ มหาวิทยาลัยเทคโนโลยีราชมงคลพรนะคร ขอความร่วมมือผู้สำเร็จการศึกษาระดับ ปวช. ปีการศึกษา […]\",\"url\":\"https:\\/\\/eng.rmutp.ac.th\\/%e0%b8%82%e0%b8%ad%e0%b8%84%e0%b8%a7%e0%b8%b2%e0%b8%a1%e0%b8%a3%e0%b9%88%e0%b8%a7%e0%b8%a1%e0%b8%a1%e0%b8%b7%e0%b8%ad%e0%b8%9c%e0%b8%b9%e0%b9%89%e0%b8%aa%e0%b8%b3%e0%b9%80%e0%b8%a3%e0%b9%87%e0%b8%88-2\\/\",\"date_post\":\"22\\/07\\/2025\",\"source\":\"scraped:ข่าวประชาสัมพันธ์\"}]}', 'news', '[\"ข่าว\"]', 'chat_69148476d18982.13048936', '::1', '2025-11-12 15:16:10'),
(44, 'อาจารย์คอมพิวเตอร์', '{\"type\":\"staff\",\"items\":[{\"id\":\"1\",\"fullname\":\"ผศ.ดร.เกรียงไกร เหลืองอำพล\",\"title\":\"ผู้ช่วยศาสตราจารย์ ดร.\",\"department\":\"วิศวกรรมคอมพิวเตอร์\",\"email\":\"kriengkri.l@rmutp.ac.th\",\"phone\":\"02-836-3000 ต่อ 8339\",\"office\":\"ตึก 3 ห้อง 402\",\"role\":\"หัวหน้าสาขาวิชา\"}]}', 'staff', '[\"อาจารย์\",\"คอม\"]', 'chat_69148476d18982.13048936', '::1', '2025-11-12 15:17:43');
INSERT INTO `chat_logs` (`id`, `user_message`, `bot_response`, `response_type`, `matched_keywords`, `session_id`, `user_ip`, `date_created`) VALUES
(45, 'ข่าวล่าสุด', '{\"type\":\"news\",\"items\":[{\"id\":\"20\",\"title\":\"วิศวฯ ร่วมออกบูธกิจกรรมแนะแนวโรงเรียนพระแม่สกลสงเคราะห์\",\"summary\":\"รูปภาพทั้งหมด\",\"url\":\"https:\\/\\/eng.rmutp.ac.th\\/%e0%b8%a7%e0%b8%b4%e0%b8%a8%e0%b8%a7%e0%b8%af-%e0%b8%a3%e0%b9%88%e0%b8%a7%e0%b8%a1%e0%b8%ad%e0%b8%ad%e0%b8%81%e0%b8%9a%e0%b8%b9%e0%b8%98%e0%b8%81%e0%b8%b4%e0%b8%88%e0%b8%81%e0%b8%a3%e0%b8%a3-7\\/\",\"date_post\":\"25\\/07\\/2025\",\"source\":\"scraped:กิจกรรมคณะวิศวกรรมศาสตร์\"},{\"id\":\"19\",\"title\":\"กิจกรรมตักบาตรอาหารแห้ง ประจำเดือนกรกฎาคม 2568\",\"summary\":\"รูปภาพทั้งหมด\",\"url\":\"https:\\/\\/eng.rmutp.ac.th\\/%e0%b8%81%e0%b8%b4%e0%b8%88%e0%b8%81%e0%b8%a3%e0%b8%a3%e0%b8%a1%e0%b8%95%e0%b8%b1%e0%b8%81%e0%b8%9a%e0%b8%b2%e0%b8%95%e0%b8%a3%e0%b8%ad%e0%b8%b2%e0%b8%ab%e0%b8%b2%e0%b8%a3%e0%b9%81%e0%b8%ab%e0%b9%89-2\\/\",\"date_post\":\"25\\/07\\/2025\",\"source\":\"scraped:กิจกรรมคณะวิศวกรรมศาสตร์\"},{\"id\":\"14\",\"title\":\"คณะวิศวฯร่วมพิธีวางพวงมาลาถวายบังคมพระบรมราชานุสรณ์พระบาทสมเด็จพระจุลจอมเกล้าเจ้าอยู่หัว\",\"summary\":\"รูปภาพทั้งหมด\",\"url\":\"https:\\/\\/eng.rmutp.ac.th\\/%e0%b8%84%e0%b8%93%e0%b8%b0%e0%b8%a7%e0%b8%b4%e0%b8%a8%e0%b8%a7%e0%b8%af%e0%b8%a3%e0%b9%88%e0%b8%a7%e0%b8%a1%e0%b8%9e%e0%b8%b4%e0%b8%98%e0%b8%b5%e0%b8%a7%e0%b8%b2%e0%b8%87%e0%b8%9e%e0%b8%a7%e0%b8%87\\/\",\"date_post\":\"24\\/10\\/2025\",\"source\":\"scraped:กิจกรรมคณะวิศวกรรมศาสตร์\"},{\"id\":\"9\",\"title\":\"การประชุมคณะกรรมการบริหารคณะวิศวกรรมศาสตร์ ครั้งที่ 6\\/2568\",\"summary\":\"การประชุมคณะกรรมการบริหารคณะวิศวกรรมศาสตร์ ครั้งที่ 6\\/2568 วันศุกร์ที่ 27 […]\",\"url\":\"https:\\/\\/eng.rmutp.ac.th\\/%e0%b8%81%e0%b8%b2%e0%b8%a3%e0%b8%9b%e0%b8%a3%e0%b8%b0%e0%b8%8a%e0%b8%b8%e0%b8%a1%e0%b8%84%e0%b8%93%e0%b8%b0%e0%b8%81%e0%b8%a3%e0%b8%a3%e0%b8%a1%e0%b8%81%e0%b8%b2%e0%b8%a3%e0%b8%9a%e0%b8%a3%e0%b8%b4-9\\/\",\"date_post\":\"22\\/07\\/2025\",\"source\":\"scraped:ข่าวประชาสัมพันธ์\"},{\"id\":\"8\",\"title\":\"ขอความร่วมมือผู้สำเร็จการศึกษาระดับ ปวช. ปีการศึกษา 2566 (รหัสปี 64) ตอบแบบสำรวจ\",\"summary\":\"คณะวิศวกรรมศาสตร์ มหาวิทยาลัยเทคโนโลยีราชมงคลพรนะคร ขอความร่วมมือผู้สำเร็จการศึกษาระดับ ปวช. ปีการศึกษา […]\",\"url\":\"https:\\/\\/eng.rmutp.ac.th\\/%e0%b8%82%e0%b8%ad%e0%b8%84%e0%b8%a7%e0%b8%b2%e0%b8%a1%e0%b8%a3%e0%b9%88%e0%b8%a7%e0%b8%a1%e0%b8%a1%e0%b8%b7%e0%b8%ad%e0%b8%9c%e0%b8%b9%e0%b9%89%e0%b8%aa%e0%b8%b3%e0%b9%80%e0%b8%a3%e0%b9%87%e0%b8%88\\/\",\"date_post\":\"22\\/07\\/2025\",\"source\":\"scraped:ข่าวประชาสัมพันธ์\"},{\"id\":\"7\",\"title\":\"ขอความร่วมมือผู้สำเร็จการศึกษาระดับ ปวช. ปีการศึกษา 2567 (รหัสปี 65) ตอบแบบสำรวจ\",\"summary\":\"คณะวิศวกรรมศาสตร์ มหาวิทยาลัยเทคโนโลยีราชมงคลพรนะคร ขอความร่วมมือผู้สำเร็จการศึกษาระดับ ปวช. ปีการศึกษา […]\",\"url\":\"https:\\/\\/eng.rmutp.ac.th\\/%e0%b8%82%e0%b8%ad%e0%b8%84%e0%b8%a7%e0%b8%b2%e0%b8%a1%e0%b8%a3%e0%b9%88%e0%b8%a7%e0%b8%a1%e0%b8%a1%e0%b8%b7%e0%b8%ad%e0%b8%9c%e0%b8%b9%e0%b9%89%e0%b8%aa%e0%b8%b3%e0%b9%80%e0%b8%a3%e0%b9%87%e0%b8%88-2\\/\",\"date_post\":\"22\\/07\\/2025\",\"source\":\"scraped:ข่าวประชาสัมพันธ์\"}]}', 'news', '[\"ข่าว\"]', 'chat_69148476d18982.13048936', '::1', '2025-11-12 15:18:06'),
(46, 'ข่าวล่าสุด', '{\"type\":\"news\",\"items\":[{\"id\":\"20\",\"title\":\"วิศวฯ ร่วมออกบูธกิจกรรมแนะแนวโรงเรียนพระแม่สกลสงเคราะห์\",\"summary\":\"รูปภาพทั้งหมด\",\"url\":\"https:\\/\\/eng.rmutp.ac.th\\/%e0%b8%a7%e0%b8%b4%e0%b8%a8%e0%b8%a7%e0%b8%af-%e0%b8%a3%e0%b9%88%e0%b8%a7%e0%b8%a1%e0%b8%ad%e0%b8%ad%e0%b8%81%e0%b8%9a%e0%b8%b9%e0%b8%98%e0%b8%81%e0%b8%b4%e0%b8%88%e0%b8%81%e0%b8%a3%e0%b8%a3-7\\/\",\"date_post\":\"25\\/07\\/2025\",\"source\":\"scraped:กิจกรรมคณะวิศวกรรมศาสตร์\"},{\"id\":\"19\",\"title\":\"กิจกรรมตักบาตรอาหารแห้ง ประจำเดือนกรกฎาคม 2568\",\"summary\":\"รูปภาพทั้งหมด\",\"url\":\"https:\\/\\/eng.rmutp.ac.th\\/%e0%b8%81%e0%b8%b4%e0%b8%88%e0%b8%81%e0%b8%a3%e0%b8%a3%e0%b8%a1%e0%b8%95%e0%b8%b1%e0%b8%81%e0%b8%9a%e0%b8%b2%e0%b8%95%e0%b8%a3%e0%b8%ad%e0%b8%b2%e0%b8%ab%e0%b8%b2%e0%b8%a3%e0%b9%81%e0%b8%ab%e0%b9%89-2\\/\",\"date_post\":\"25\\/07\\/2025\",\"source\":\"scraped:กิจกรรมคณะวิศวกรรมศาสตร์\"},{\"id\":\"14\",\"title\":\"คณะวิศวฯร่วมพิธีวางพวงมาลาถวายบังคมพระบรมราชานุสรณ์พระบาทสมเด็จพระจุลจอมเกล้าเจ้าอยู่หัว\",\"summary\":\"รูปภาพทั้งหมด\",\"url\":\"https:\\/\\/eng.rmutp.ac.th\\/%e0%b8%84%e0%b8%93%e0%b8%b0%e0%b8%a7%e0%b8%b4%e0%b8%a8%e0%b8%a7%e0%b8%af%e0%b8%a3%e0%b9%88%e0%b8%a7%e0%b8%a1%e0%b8%9e%e0%b8%b4%e0%b8%98%e0%b8%b5%e0%b8%a7%e0%b8%b2%e0%b8%87%e0%b8%9e%e0%b8%a7%e0%b8%87\\/\",\"date_post\":\"24\\/10\\/2025\",\"source\":\"scraped:กิจกรรมคณะวิศวกรรมศาสตร์\"},{\"id\":\"9\",\"title\":\"การประชุมคณะกรรมการบริหารคณะวิศวกรรมศาสตร์ ครั้งที่ 6\\/2568\",\"summary\":\"การประชุมคณะกรรมการบริหารคณะวิศวกรรมศาสตร์ ครั้งที่ 6\\/2568 วันศุกร์ที่ 27 […]\",\"url\":\"https:\\/\\/eng.rmutp.ac.th\\/%e0%b8%81%e0%b8%b2%e0%b8%a3%e0%b8%9b%e0%b8%a3%e0%b8%b0%e0%b8%8a%e0%b8%b8%e0%b8%a1%e0%b8%84%e0%b8%93%e0%b8%b0%e0%b8%81%e0%b8%a3%e0%b8%a3%e0%b8%a1%e0%b8%81%e0%b8%b2%e0%b8%a3%e0%b8%9a%e0%b8%a3%e0%b8%b4-9\\/\",\"date_post\":\"22\\/07\\/2025\",\"source\":\"scraped:ข่าวประชาสัมพันธ์\"},{\"id\":\"8\",\"title\":\"ขอความร่วมมือผู้สำเร็จการศึกษาระดับ ปวช. ปีการศึกษา 2566 (รหัสปี 64) ตอบแบบสำรวจ\",\"summary\":\"คณะวิศวกรรมศาสตร์ มหาวิทยาลัยเทคโนโลยีราชมงคลพรนะคร ขอความร่วมมือผู้สำเร็จการศึกษาระดับ ปวช. ปีการศึกษา […]\",\"url\":\"https:\\/\\/eng.rmutp.ac.th\\/%e0%b8%82%e0%b8%ad%e0%b8%84%e0%b8%a7%e0%b8%b2%e0%b8%a1%e0%b8%a3%e0%b9%88%e0%b8%a7%e0%b8%a1%e0%b8%a1%e0%b8%b7%e0%b8%ad%e0%b8%9c%e0%b8%b9%e0%b9%89%e0%b8%aa%e0%b8%b3%e0%b9%80%e0%b8%a3%e0%b9%87%e0%b8%88\\/\",\"date_post\":\"22\\/07\\/2025\",\"source\":\"scraped:ข่าวประชาสัมพันธ์\"},{\"id\":\"7\",\"title\":\"ขอความร่วมมือผู้สำเร็จการศึกษาระดับ ปวช. ปีการศึกษา 2567 (รหัสปี 65) ตอบแบบสำรวจ\",\"summary\":\"คณะวิศวกรรมศาสตร์ มหาวิทยาลัยเทคโนโลยีราชมงคลพรนะคร ขอความร่วมมือผู้สำเร็จการศึกษาระดับ ปวช. ปีการศึกษา […]\",\"url\":\"https:\\/\\/eng.rmutp.ac.th\\/%e0%b8%82%e0%b8%ad%e0%b8%84%e0%b8%a7%e0%b8%b2%e0%b8%a1%e0%b8%a3%e0%b9%88%e0%b8%a7%e0%b8%a1%e0%b8%a1%e0%b8%b7%e0%b8%ad%e0%b8%9c%e0%b8%b9%e0%b9%89%e0%b8%aa%e0%b8%b3%e0%b9%80%e0%b8%a3%e0%b9%87%e0%b8%88-2\\/\",\"date_post\":\"22\\/07\\/2025\",\"source\":\"scraped:ข่าวประชาสัมพันธ์\"}]}', 'news', '[\"ข่าว\"]', 'chat_69148476d18982.13048936', '::1', '2025-11-12 15:21:15'),
(47, 'ข่าวล่าสุด', '{\"type\":\"news\",\"items\":[{\"id\":\"20\",\"title\":\"วิศวฯ ร่วมออกบูธกิจกรรมแนะแนวโรงเรียนพระแม่สกลสงเคราะห์\",\"summary\":\"รูปภาพทั้งหมด\",\"url\":\"https:\\/\\/eng.rmutp.ac.th\\/%e0%b8%a7%e0%b8%b4%e0%b8%a8%e0%b8%a7%e0%b8%af-%e0%b8%a3%e0%b9%88%e0%b8%a7%e0%b8%a1%e0%b8%ad%e0%b8%ad%e0%b8%81%e0%b8%9a%e0%b8%b9%e0%b8%98%e0%b8%81%e0%b8%b4%e0%b8%88%e0%b8%81%e0%b8%a3%e0%b8%a3-7\\/\",\"date_post\":\"25\\/07\\/2025\",\"source\":\"scraped:กิจกรรมคณะวิศวกรรมศาสตร์\"},{\"id\":\"19\",\"title\":\"กิจกรรมตักบาตรอาหารแห้ง ประจำเดือนกรกฎาคม 2568\",\"summary\":\"รูปภาพทั้งหมด\",\"url\":\"https:\\/\\/eng.rmutp.ac.th\\/%e0%b8%81%e0%b8%b4%e0%b8%88%e0%b8%81%e0%b8%a3%e0%b8%a3%e0%b8%a1%e0%b8%95%e0%b8%b1%e0%b8%81%e0%b8%9a%e0%b8%b2%e0%b8%95%e0%b8%a3%e0%b8%ad%e0%b8%b2%e0%b8%ab%e0%b8%b2%e0%b8%a3%e0%b9%81%e0%b8%ab%e0%b9%89-2\\/\",\"date_post\":\"25\\/07\\/2025\",\"source\":\"scraped:กิจกรรมคณะวิศวกรรมศาสตร์\"},{\"id\":\"14\",\"title\":\"คณะวิศวฯร่วมพิธีวางพวงมาลาถวายบังคมพระบรมราชานุสรณ์พระบาทสมเด็จพระจุลจอมเกล้าเจ้าอยู่หัว\",\"summary\":\"รูปภาพทั้งหมด\",\"url\":\"https:\\/\\/eng.rmutp.ac.th\\/%e0%b8%84%e0%b8%93%e0%b8%b0%e0%b8%a7%e0%b8%b4%e0%b8%a8%e0%b8%a7%e0%b8%af%e0%b8%a3%e0%b9%88%e0%b8%a7%e0%b8%a1%e0%b8%9e%e0%b8%b4%e0%b8%98%e0%b8%b5%e0%b8%a7%e0%b8%b2%e0%b8%87%e0%b8%9e%e0%b8%a7%e0%b8%87\\/\",\"date_post\":\"24\\/10\\/2025\",\"source\":\"scraped:กิจกรรมคณะวิศวกรรมศาสตร์\"},{\"id\":\"9\",\"title\":\"การประชุมคณะกรรมการบริหารคณะวิศวกรรมศาสตร์ ครั้งที่ 6\\/2568\",\"summary\":\"การประชุมคณะกรรมการบริหารคณะวิศวกรรมศาสตร์ ครั้งที่ 6\\/2568 วันศุกร์ที่ 27 […]\",\"url\":\"https:\\/\\/eng.rmutp.ac.th\\/%e0%b8%81%e0%b8%b2%e0%b8%a3%e0%b8%9b%e0%b8%a3%e0%b8%b0%e0%b8%8a%e0%b8%b8%e0%b8%a1%e0%b8%84%e0%b8%93%e0%b8%b0%e0%b8%81%e0%b8%a3%e0%b8%a3%e0%b8%a1%e0%b8%81%e0%b8%b2%e0%b8%a3%e0%b8%9a%e0%b8%a3%e0%b8%b4-9\\/\",\"date_post\":\"22\\/07\\/2025\",\"source\":\"scraped:ข่าวประชาสัมพันธ์\"},{\"id\":\"8\",\"title\":\"ขอความร่วมมือผู้สำเร็จการศึกษาระดับ ปวช. ปีการศึกษา 2566 (รหัสปี 64) ตอบแบบสำรวจ\",\"summary\":\"คณะวิศวกรรมศาสตร์ มหาวิทยาลัยเทคโนโลยีราชมงคลพรนะคร ขอความร่วมมือผู้สำเร็จการศึกษาระดับ ปวช. ปีการศึกษา […]\",\"url\":\"https:\\/\\/eng.rmutp.ac.th\\/%e0%b8%82%e0%b8%ad%e0%b8%84%e0%b8%a7%e0%b8%b2%e0%b8%a1%e0%b8%a3%e0%b9%88%e0%b8%a7%e0%b8%a1%e0%b8%a1%e0%b8%b7%e0%b8%ad%e0%b8%9c%e0%b8%b9%e0%b9%89%e0%b8%aa%e0%b8%b3%e0%b9%80%e0%b8%a3%e0%b9%87%e0%b8%88\\/\",\"date_post\":\"22\\/07\\/2025\",\"source\":\"scraped:ข่าวประชาสัมพันธ์\"},{\"id\":\"7\",\"title\":\"ขอความร่วมมือผู้สำเร็จการศึกษาระดับ ปวช. ปีการศึกษา 2567 (รหัสปี 65) ตอบแบบสำรวจ\",\"summary\":\"คณะวิศวกรรมศาสตร์ มหาวิทยาลัยเทคโนโลยีราชมงคลพรนะคร ขอความร่วมมือผู้สำเร็จการศึกษาระดับ ปวช. ปีการศึกษา […]\",\"url\":\"https:\\/\\/eng.rmutp.ac.th\\/%e0%b8%82%e0%b8%ad%e0%b8%84%e0%b8%a7%e0%b8%b2%e0%b8%a1%e0%b8%a3%e0%b9%88%e0%b8%a7%e0%b8%a1%e0%b8%a1%e0%b8%b7%e0%b8%ad%e0%b8%9c%e0%b8%b9%e0%b9%89%e0%b8%aa%e0%b8%b3%e0%b9%80%e0%b8%a3%e0%b9%87%e0%b8%88-2\\/\",\"date_post\":\"22\\/07\\/2025\",\"source\":\"scraped:ข่าวประชาสัมพันธ์\"}]}', 'news', '[\"ข่าว\"]', 'chat_69148476d18982.13048936', '::1', '2025-11-12 15:22:37'),
(48, 'ข่าวล่าสุด', '{\"type\":\"news\",\"items\":[{\"id\":\"20\",\"title\":\"วิศวฯ ร่วมออกบูธกิจกรรมแนะแนวโรงเรียนพระแม่สกลสงเคราะห์\",\"summary\":\"รูปภาพทั้งหมด\",\"url\":\"https:\\/\\/eng.rmutp.ac.th\\/%e0%b8%a7%e0%b8%b4%e0%b8%a8%e0%b8%a7%e0%b8%af-%e0%b8%a3%e0%b9%88%e0%b8%a7%e0%b8%a1%e0%b8%ad%e0%b8%ad%e0%b8%81%e0%b8%9a%e0%b8%b9%e0%b8%98%e0%b8%81%e0%b8%b4%e0%b8%88%e0%b8%81%e0%b8%a3%e0%b8%a3-7\\/\",\"date_post\":\"25\\/07\\/2025\",\"source\":\"scraped:กิจกรรมคณะวิศวกรรมศาสตร์\"},{\"id\":\"19\",\"title\":\"กิจกรรมตักบาตรอาหารแห้ง ประจำเดือนกรกฎาคม 2568\",\"summary\":\"รูปภาพทั้งหมด\",\"url\":\"https:\\/\\/eng.rmutp.ac.th\\/%e0%b8%81%e0%b8%b4%e0%b8%88%e0%b8%81%e0%b8%a3%e0%b8%a3%e0%b8%a1%e0%b8%95%e0%b8%b1%e0%b8%81%e0%b8%9a%e0%b8%b2%e0%b8%95%e0%b8%a3%e0%b8%ad%e0%b8%b2%e0%b8%ab%e0%b8%b2%e0%b8%a3%e0%b9%81%e0%b8%ab%e0%b9%89-2\\/\",\"date_post\":\"25\\/07\\/2025\",\"source\":\"scraped:กิจกรรมคณะวิศวกรรมศาสตร์\"},{\"id\":\"14\",\"title\":\"คณะวิศวฯร่วมพิธีวางพวงมาลาถวายบังคมพระบรมราชานุสรณ์พระบาทสมเด็จพระจุลจอมเกล้าเจ้าอยู่หัว\",\"summary\":\"รูปภาพทั้งหมด\",\"url\":\"https:\\/\\/eng.rmutp.ac.th\\/%e0%b8%84%e0%b8%93%e0%b8%b0%e0%b8%a7%e0%b8%b4%e0%b8%a8%e0%b8%a7%e0%b8%af%e0%b8%a3%e0%b9%88%e0%b8%a7%e0%b8%a1%e0%b8%9e%e0%b8%b4%e0%b8%98%e0%b8%b5%e0%b8%a7%e0%b8%b2%e0%b8%87%e0%b8%9e%e0%b8%a7%e0%b8%87\\/\",\"date_post\":\"24\\/10\\/2025\",\"source\":\"scraped:กิจกรรมคณะวิศวกรรมศาสตร์\"},{\"id\":\"9\",\"title\":\"การประชุมคณะกรรมการบริหารคณะวิศวกรรมศาสตร์ ครั้งที่ 6\\/2568\",\"summary\":\"การประชุมคณะกรรมการบริหารคณะวิศวกรรมศาสตร์ ครั้งที่ 6\\/2568 วันศุกร์ที่ 27 […]\",\"url\":\"https:\\/\\/eng.rmutp.ac.th\\/%e0%b8%81%e0%b8%b2%e0%b8%a3%e0%b8%9b%e0%b8%a3%e0%b8%b0%e0%b8%8a%e0%b8%b8%e0%b8%a1%e0%b8%84%e0%b8%93%e0%b8%b0%e0%b8%81%e0%b8%a3%e0%b8%a3%e0%b8%a1%e0%b8%81%e0%b8%b2%e0%b8%a3%e0%b8%9a%e0%b8%a3%e0%b8%b4-9\\/\",\"date_post\":\"22\\/07\\/2025\",\"source\":\"scraped:ข่าวประชาสัมพันธ์\"},{\"id\":\"8\",\"title\":\"ขอความร่วมมือผู้สำเร็จการศึกษาระดับ ปวช. ปีการศึกษา 2566 (รหัสปี 64) ตอบแบบสำรวจ\",\"summary\":\"คณะวิศวกรรมศาสตร์ มหาวิทยาลัยเทคโนโลยีราชมงคลพรนะคร ขอความร่วมมือผู้สำเร็จการศึกษาระดับ ปวช. ปีการศึกษา […]\",\"url\":\"https:\\/\\/eng.rmutp.ac.th\\/%e0%b8%82%e0%b8%ad%e0%b8%84%e0%b8%a7%e0%b8%b2%e0%b8%a1%e0%b8%a3%e0%b9%88%e0%b8%a7%e0%b8%a1%e0%b8%a1%e0%b8%b7%e0%b8%ad%e0%b8%9c%e0%b8%b9%e0%b9%89%e0%b8%aa%e0%b8%b3%e0%b9%80%e0%b8%a3%e0%b9%87%e0%b8%88\\/\",\"date_post\":\"22\\/07\\/2025\",\"source\":\"scraped:ข่าวประชาสัมพันธ์\"},{\"id\":\"7\",\"title\":\"ขอความร่วมมือผู้สำเร็จการศึกษาระดับ ปวช. ปีการศึกษา 2567 (รหัสปี 65) ตอบแบบสำรวจ\",\"summary\":\"คณะวิศวกรรมศาสตร์ มหาวิทยาลัยเทคโนโลยีราชมงคลพรนะคร ขอความร่วมมือผู้สำเร็จการศึกษาระดับ ปวช. ปีการศึกษา […]\",\"url\":\"https:\\/\\/eng.rmutp.ac.th\\/%e0%b8%82%e0%b8%ad%e0%b8%84%e0%b8%a7%e0%b8%b2%e0%b8%a1%e0%b8%a3%e0%b9%88%e0%b8%a7%e0%b8%a1%e0%b8%a1%e0%b8%b7%e0%b8%ad%e0%b8%9c%e0%b8%b9%e0%b9%89%e0%b8%aa%e0%b8%b3%e0%b9%80%e0%b8%a3%e0%b9%87%e0%b8%88-2\\/\",\"date_post\":\"22\\/07\\/2025\",\"source\":\"scraped:ข่าวประชาสัมพันธ์\"}]}', 'news', '[\"ข่าว\"]', 'chat_69148476d18982.13048936', '::1', '2025-11-12 15:36:43'),
(49, 'ข่าวล่าสุด', '{\"type\":\"news\",\"items\":[{\"id\":\"20\",\"title\":\"วิศวฯ ร่วมออกบูธกิจกรรมแนะแนวโรงเรียนพระแม่สกลสงเคราะห์\",\"summary\":\"รูปภาพทั้งหมด\",\"url\":\"https:\\/\\/eng.rmutp.ac.th\\/%e0%b8%a7%e0%b8%b4%e0%b8%a8%e0%b8%a7%e0%b8%af-%e0%b8%a3%e0%b9%88%e0%b8%a7%e0%b8%a1%e0%b8%ad%e0%b8%ad%e0%b8%81%e0%b8%9a%e0%b8%b9%e0%b8%98%e0%b8%81%e0%b8%b4%e0%b8%88%e0%b8%81%e0%b8%a3%e0%b8%a3-7\\/\",\"date_post\":\"25\\/07\\/2025\",\"source\":\"scraped:กิจกรรมคณะวิศวกรรมศาสตร์\"},{\"id\":\"19\",\"title\":\"กิจกรรมตักบาตรอาหารแห้ง ประจำเดือนกรกฎาคม 2568\",\"summary\":\"รูปภาพทั้งหมด\",\"url\":\"https:\\/\\/eng.rmutp.ac.th\\/%e0%b8%81%e0%b8%b4%e0%b8%88%e0%b8%81%e0%b8%a3%e0%b8%a3%e0%b8%a1%e0%b8%95%e0%b8%b1%e0%b8%81%e0%b8%9a%e0%b8%b2%e0%b8%95%e0%b8%a3%e0%b8%ad%e0%b8%b2%e0%b8%ab%e0%b8%b2%e0%b8%a3%e0%b9%81%e0%b8%ab%e0%b9%89-2\\/\",\"date_post\":\"25\\/07\\/2025\",\"source\":\"scraped:กิจกรรมคณะวิศวกรรมศาสตร์\"},{\"id\":\"14\",\"title\":\"คณะวิศวฯร่วมพิธีวางพวงมาลาถวายบังคมพระบรมราชานุสรณ์พระบาทสมเด็จพระจุลจอมเกล้าเจ้าอยู่หัว\",\"summary\":\"รูปภาพทั้งหมด\",\"url\":\"https:\\/\\/eng.rmutp.ac.th\\/%e0%b8%84%e0%b8%93%e0%b8%b0%e0%b8%a7%e0%b8%b4%e0%b8%a8%e0%b8%a7%e0%b8%af%e0%b8%a3%e0%b9%88%e0%b8%a7%e0%b8%a1%e0%b8%9e%e0%b8%b4%e0%b8%98%e0%b8%b5%e0%b8%a7%e0%b8%b2%e0%b8%87%e0%b8%9e%e0%b8%a7%e0%b8%87\\/\",\"date_post\":\"24\\/10\\/2025\",\"source\":\"scraped:กิจกรรมคณะวิศวกรรมศาสตร์\"},{\"id\":\"9\",\"title\":\"การประชุมคณะกรรมการบริหารคณะวิศวกรรมศาสตร์ ครั้งที่ 6\\/2568\",\"summary\":\"การประชุมคณะกรรมการบริหารคณะวิศวกรรมศาสตร์ ครั้งที่ 6\\/2568 วันศุกร์ที่ 27 […]\",\"url\":\"https:\\/\\/eng.rmutp.ac.th\\/%e0%b8%81%e0%b8%b2%e0%b8%a3%e0%b8%9b%e0%b8%a3%e0%b8%b0%e0%b8%8a%e0%b8%b8%e0%b8%a1%e0%b8%84%e0%b8%93%e0%b8%b0%e0%b8%81%e0%b8%a3%e0%b8%a3%e0%b8%a1%e0%b8%81%e0%b8%b2%e0%b8%a3%e0%b8%9a%e0%b8%a3%e0%b8%b4-9\\/\",\"date_post\":\"22\\/07\\/2025\",\"source\":\"scraped:ข่าวประชาสัมพันธ์\"},{\"id\":\"8\",\"title\":\"ขอความร่วมมือผู้สำเร็จการศึกษาระดับ ปวช. ปีการศึกษา 2566 (รหัสปี 64) ตอบแบบสำรวจ\",\"summary\":\"คณะวิศวกรรมศาสตร์ มหาวิทยาลัยเทคโนโลยีราชมงคลพรนะคร ขอความร่วมมือผู้สำเร็จการศึกษาระดับ ปวช. ปีการศึกษา […]\",\"url\":\"https:\\/\\/eng.rmutp.ac.th\\/%e0%b8%82%e0%b8%ad%e0%b8%84%e0%b8%a7%e0%b8%b2%e0%b8%a1%e0%b8%a3%e0%b9%88%e0%b8%a7%e0%b8%a1%e0%b8%a1%e0%b8%b7%e0%b8%ad%e0%b8%9c%e0%b8%b9%e0%b9%89%e0%b8%aa%e0%b8%b3%e0%b9%80%e0%b8%a3%e0%b9%87%e0%b8%88\\/\",\"date_post\":\"22\\/07\\/2025\",\"source\":\"scraped:ข่าวประชาสัมพันธ์\"},{\"id\":\"7\",\"title\":\"ขอความร่วมมือผู้สำเร็จการศึกษาระดับ ปวช. ปีการศึกษา 2567 (รหัสปี 65) ตอบแบบสำรวจ\",\"summary\":\"คณะวิศวกรรมศาสตร์ มหาวิทยาลัยเทคโนโลยีราชมงคลพรนะคร ขอความร่วมมือผู้สำเร็จการศึกษาระดับ ปวช. ปีการศึกษา […]\",\"url\":\"https:\\/\\/eng.rmutp.ac.th\\/%e0%b8%82%e0%b8%ad%e0%b8%84%e0%b8%a7%e0%b8%b2%e0%b8%a1%e0%b8%a3%e0%b9%88%e0%b8%a7%e0%b8%a1%e0%b8%a1%e0%b8%b7%e0%b8%ad%e0%b8%9c%e0%b8%b9%e0%b9%89%e0%b8%aa%e0%b8%b3%e0%b9%80%e0%b8%a3%e0%b9%87%e0%b8%88-2\\/\",\"date_post\":\"22\\/07\\/2025\",\"source\":\"scraped:ข่าวประชาสัมพันธ์\"}]}', 'news', '[\"ข่าว\"]', 'chat_69148476d18982.13048936', '::1', '2025-11-12 15:44:16'),
(50, 'ข่าวล่าสุด', '{\"type\":\"news\",\"items\":[{\"id\":\"20\",\"title\":\"วิศวฯ ร่วมออกบูธกิจกรรมแนะแนวโรงเรียนพระแม่สกลสงเคราะห์\",\"summary\":\"รูปภาพทั้งหมด\",\"url\":\"https:\\/\\/eng.rmutp.ac.th\\/%e0%b8%a7%e0%b8%b4%e0%b8%a8%e0%b8%a7%e0%b8%af-%e0%b8%a3%e0%b9%88%e0%b8%a7%e0%b8%a1%e0%b8%ad%e0%b8%ad%e0%b8%81%e0%b8%9a%e0%b8%b9%e0%b8%98%e0%b8%81%e0%b8%b4%e0%b8%88%e0%b8%81%e0%b8%a3%e0%b8%a3-7\\/\",\"date_post\":\"25\\/07\\/2025\",\"source\":\"scraped:กิจกรรมคณะวิศวกรรมศาสตร์\"},{\"id\":\"19\",\"title\":\"กิจกรรมตักบาตรอาหารแห้ง ประจำเดือนกรกฎาคม 2568\",\"summary\":\"รูปภาพทั้งหมด\",\"url\":\"https:\\/\\/eng.rmutp.ac.th\\/%e0%b8%81%e0%b8%b4%e0%b8%88%e0%b8%81%e0%b8%a3%e0%b8%a3%e0%b8%a1%e0%b8%95%e0%b8%b1%e0%b8%81%e0%b8%9a%e0%b8%b2%e0%b8%95%e0%b8%a3%e0%b8%ad%e0%b8%b2%e0%b8%ab%e0%b8%b2%e0%b8%a3%e0%b9%81%e0%b8%ab%e0%b9%89-2\\/\",\"date_post\":\"25\\/07\\/2025\",\"source\":\"scraped:กิจกรรมคณะวิศวกรรมศาสตร์\"},{\"id\":\"14\",\"title\":\"คณะวิศวฯร่วมพิธีวางพวงมาลาถวายบังคมพระบรมราชานุสรณ์พระบาทสมเด็จพระจุลจอมเกล้าเจ้าอยู่หัว\",\"summary\":\"รูปภาพทั้งหมด\",\"url\":\"https:\\/\\/eng.rmutp.ac.th\\/%e0%b8%84%e0%b8%93%e0%b8%b0%e0%b8%a7%e0%b8%b4%e0%b8%a8%e0%b8%a7%e0%b8%af%e0%b8%a3%e0%b9%88%e0%b8%a7%e0%b8%a1%e0%b8%9e%e0%b8%b4%e0%b8%98%e0%b8%b5%e0%b8%a7%e0%b8%b2%e0%b8%87%e0%b8%9e%e0%b8%a7%e0%b8%87\\/\",\"date_post\":\"24\\/10\\/2025\",\"source\":\"scraped:กิจกรรมคณะวิศวกรรมศาสตร์\"},{\"id\":\"9\",\"title\":\"การประชุมคณะกรรมการบริหารคณะวิศวกรรมศาสตร์ ครั้งที่ 6\\/2568\",\"summary\":\"การประชุมคณะกรรมการบริหารคณะวิศวกรรมศาสตร์ ครั้งที่ 6\\/2568 วันศุกร์ที่ 27 […]\",\"url\":\"https:\\/\\/eng.rmutp.ac.th\\/%e0%b8%81%e0%b8%b2%e0%b8%a3%e0%b8%9b%e0%b8%a3%e0%b8%b0%e0%b8%8a%e0%b8%b8%e0%b8%a1%e0%b8%84%e0%b8%93%e0%b8%b0%e0%b8%81%e0%b8%a3%e0%b8%a3%e0%b8%a1%e0%b8%81%e0%b8%b2%e0%b8%a3%e0%b8%9a%e0%b8%a3%e0%b8%b4-9\\/\",\"date_post\":\"22\\/07\\/2025\",\"source\":\"scraped:ข่าวประชาสัมพันธ์\"},{\"id\":\"8\",\"title\":\"ขอความร่วมมือผู้สำเร็จการศึกษาระดับ ปวช. ปีการศึกษา 2566 (รหัสปี 64) ตอบแบบสำรวจ\",\"summary\":\"คณะวิศวกรรมศาสตร์ มหาวิทยาลัยเทคโนโลยีราชมงคลพรนะคร ขอความร่วมมือผู้สำเร็จการศึกษาระดับ ปวช. ปีการศึกษา […]\",\"url\":\"https:\\/\\/eng.rmutp.ac.th\\/%e0%b8%82%e0%b8%ad%e0%b8%84%e0%b8%a7%e0%b8%b2%e0%b8%a1%e0%b8%a3%e0%b9%88%e0%b8%a7%e0%b8%a1%e0%b8%a1%e0%b8%b7%e0%b8%ad%e0%b8%9c%e0%b8%b9%e0%b9%89%e0%b8%aa%e0%b8%b3%e0%b9%80%e0%b8%a3%e0%b9%87%e0%b8%88\\/\",\"date_post\":\"22\\/07\\/2025\",\"source\":\"scraped:ข่าวประชาสัมพันธ์\"},{\"id\":\"7\",\"title\":\"ขอความร่วมมือผู้สำเร็จการศึกษาระดับ ปวช. ปีการศึกษา 2567 (รหัสปี 65) ตอบแบบสำรวจ\",\"summary\":\"คณะวิศวกรรมศาสตร์ มหาวิทยาลัยเทคโนโลยีราชมงคลพรนะคร ขอความร่วมมือผู้สำเร็จการศึกษาระดับ ปวช. ปีการศึกษา […]\",\"url\":\"https:\\/\\/eng.rmutp.ac.th\\/%e0%b8%82%e0%b8%ad%e0%b8%84%e0%b8%a7%e0%b8%b2%e0%b8%a1%e0%b8%a3%e0%b9%88%e0%b8%a7%e0%b8%a1%e0%b8%a1%e0%b8%b7%e0%b8%ad%e0%b8%9c%e0%b8%b9%e0%b9%89%e0%b8%aa%e0%b8%b3%e0%b9%80%e0%b8%a3%e0%b9%87%e0%b8%88-2\\/\",\"date_post\":\"22\\/07\\/2025\",\"source\":\"scraped:ข่าวประชาสัมพันธ์\"}]}', 'news', '[\"ข่าว\"]', 'chat_69148476d18982.13048936', '::1', '2025-11-12 15:55:38'),
(51, 'ข่าวล่าสุด', '{\"type\":\"news\",\"items\":[{\"id\":\"20\",\"title\":\"วิศวฯ ร่วมออกบูธกิจกรรมแนะแนวโรงเรียนพระแม่สกลสงเคราะห์\",\"summary\":\"รูปภาพทั้งหมด\",\"url\":\"https:\\/\\/eng.rmutp.ac.th\\/%e0%b8%a7%e0%b8%b4%e0%b8%a8%e0%b8%a7%e0%b8%af-%e0%b8%a3%e0%b9%88%e0%b8%a7%e0%b8%a1%e0%b8%ad%e0%b8%ad%e0%b8%81%e0%b8%9a%e0%b8%b9%e0%b8%98%e0%b8%81%e0%b8%b4%e0%b8%88%e0%b8%81%e0%b8%a3%e0%b8%a3-7\\/\",\"date_post\":\"25\\/07\\/2025\",\"source\":\"scraped:กิจกรรมคณะวิศวกรรมศาสตร์\"},{\"id\":\"19\",\"title\":\"กิจกรรมตักบาตรอาหารแห้ง ประจำเดือนกรกฎาคม 2568\",\"summary\":\"รูปภาพทั้งหมด\",\"url\":\"https:\\/\\/eng.rmutp.ac.th\\/%e0%b8%81%e0%b8%b4%e0%b8%88%e0%b8%81%e0%b8%a3%e0%b8%a3%e0%b8%a1%e0%b8%95%e0%b8%b1%e0%b8%81%e0%b8%9a%e0%b8%b2%e0%b8%95%e0%b8%a3%e0%b8%ad%e0%b8%b2%e0%b8%ab%e0%b8%b2%e0%b8%a3%e0%b9%81%e0%b8%ab%e0%b9%89-2\\/\",\"date_post\":\"25\\/07\\/2025\",\"source\":\"scraped:กิจกรรมคณะวิศวกรรมศาสตร์\"},{\"id\":\"14\",\"title\":\"คณะวิศวฯร่วมพิธีวางพวงมาลาถวายบังคมพระบรมราชานุสรณ์พระบาทสมเด็จพระจุลจอมเกล้าเจ้าอยู่หัว\",\"summary\":\"รูปภาพทั้งหมด\",\"url\":\"https:\\/\\/eng.rmutp.ac.th\\/%e0%b8%84%e0%b8%93%e0%b8%b0%e0%b8%a7%e0%b8%b4%e0%b8%a8%e0%b8%a7%e0%b8%af%e0%b8%a3%e0%b9%88%e0%b8%a7%e0%b8%a1%e0%b8%9e%e0%b8%b4%e0%b8%98%e0%b8%b5%e0%b8%a7%e0%b8%b2%e0%b8%87%e0%b8%9e%e0%b8%a7%e0%b8%87\\/\",\"date_post\":\"24\\/10\\/2025\",\"source\":\"scraped:กิจกรรมคณะวิศวกรรมศาสตร์\"},{\"id\":\"9\",\"title\":\"การประชุมคณะกรรมการบริหารคณะวิศวกรรมศาสตร์ ครั้งที่ 6\\/2568\",\"summary\":\"การประชุมคณะกรรมการบริหารคณะวิศวกรรมศาสตร์ ครั้งที่ 6\\/2568 วันศุกร์ที่ 27 […]\",\"url\":\"https:\\/\\/eng.rmutp.ac.th\\/%e0%b8%81%e0%b8%b2%e0%b8%a3%e0%b8%9b%e0%b8%a3%e0%b8%b0%e0%b8%8a%e0%b8%b8%e0%b8%a1%e0%b8%84%e0%b8%93%e0%b8%b0%e0%b8%81%e0%b8%a3%e0%b8%a3%e0%b8%a1%e0%b8%81%e0%b8%b2%e0%b8%a3%e0%b8%9a%e0%b8%a3%e0%b8%b4-9\\/\",\"date_post\":\"22\\/07\\/2025\",\"source\":\"scraped:ข่าวประชาสัมพันธ์\"},{\"id\":\"8\",\"title\":\"ขอความร่วมมือผู้สำเร็จการศึกษาระดับ ปวช. ปีการศึกษา 2566 (รหัสปี 64) ตอบแบบสำรวจ\",\"summary\":\"คณะวิศวกรรมศาสตร์ มหาวิทยาลัยเทคโนโลยีราชมงคลพรนะคร ขอความร่วมมือผู้สำเร็จการศึกษาระดับ ปวช. ปีการศึกษา […]\",\"url\":\"https:\\/\\/eng.rmutp.ac.th\\/%e0%b8%82%e0%b8%ad%e0%b8%84%e0%b8%a7%e0%b8%b2%e0%b8%a1%e0%b8%a3%e0%b9%88%e0%b8%a7%e0%b8%a1%e0%b8%a1%e0%b8%b7%e0%b8%ad%e0%b8%9c%e0%b8%b9%e0%b9%89%e0%b8%aa%e0%b8%b3%e0%b9%80%e0%b8%a3%e0%b9%87%e0%b8%88\\/\",\"date_post\":\"22\\/07\\/2025\",\"source\":\"scraped:ข่าวประชาสัมพันธ์\"},{\"id\":\"7\",\"title\":\"ขอความร่วมมือผู้สำเร็จการศึกษาระดับ ปวช. ปีการศึกษา 2567 (รหัสปี 65) ตอบแบบสำรวจ\",\"summary\":\"คณะวิศวกรรมศาสตร์ มหาวิทยาลัยเทคโนโลยีราชมงคลพรนะคร ขอความร่วมมือผู้สำเร็จการศึกษาระดับ ปวช. ปีการศึกษา […]\",\"url\":\"https:\\/\\/eng.rmutp.ac.th\\/%e0%b8%82%e0%b8%ad%e0%b8%84%e0%b8%a7%e0%b8%b2%e0%b8%a1%e0%b8%a3%e0%b9%88%e0%b8%a7%e0%b8%a1%e0%b8%a1%e0%b8%b7%e0%b8%ad%e0%b8%9c%e0%b8%b9%e0%b9%89%e0%b8%aa%e0%b8%b3%e0%b9%80%e0%b8%a3%e0%b9%87%e0%b8%88-2\\/\",\"date_post\":\"22\\/07\\/2025\",\"source\":\"scraped:ข่าวประชาสัมพันธ์\"}]}', 'news', '[\"ข่าว\"]', 'chat_69148476d18982.13048936', '::1', '2025-11-12 15:56:47'),
(52, 'ข่าวล่าสุด', '{\"type\":\"news\",\"items\":[{\"id\":\"20\",\"title\":\"วิศวฯ ร่วมออกบูธกิจกรรมแนะแนวโรงเรียนพระแม่สกลสงเคราะห์\",\"summary\":\"รูปภาพทั้งหมด\",\"url\":\"https:\\/\\/eng.rmutp.ac.th\\/%e0%b8%a7%e0%b8%b4%e0%b8%a8%e0%b8%a7%e0%b8%af-%e0%b8%a3%e0%b9%88%e0%b8%a7%e0%b8%a1%e0%b8%ad%e0%b8%ad%e0%b8%81%e0%b8%9a%e0%b8%b9%e0%b8%98%e0%b8%81%e0%b8%b4%e0%b8%88%e0%b8%81%e0%b8%a3%e0%b8%a3-7\\/\",\"date_post\":\"25\\/07\\/2025\",\"source\":\"scraped:กิจกรรมคณะวิศวกรรมศาสตร์\"},{\"id\":\"19\",\"title\":\"กิจกรรมตักบาตรอาหารแห้ง ประจำเดือนกรกฎาคม 2568\",\"summary\":\"รูปภาพทั้งหมด\",\"url\":\"https:\\/\\/eng.rmutp.ac.th\\/%e0%b8%81%e0%b8%b4%e0%b8%88%e0%b8%81%e0%b8%a3%e0%b8%a3%e0%b8%a1%e0%b8%95%e0%b8%b1%e0%b8%81%e0%b8%9a%e0%b8%b2%e0%b8%95%e0%b8%a3%e0%b8%ad%e0%b8%b2%e0%b8%ab%e0%b8%b2%e0%b8%a3%e0%b9%81%e0%b8%ab%e0%b9%89-2\\/\",\"date_post\":\"25\\/07\\/2025\",\"source\":\"scraped:กิจกรรมคณะวิศวกรรมศาสตร์\"},{\"id\":\"14\",\"title\":\"คณะวิศวฯร่วมพิธีวางพวงมาลาถวายบังคมพระบรมราชานุสรณ์พระบาทสมเด็จพระจุลจอมเกล้าเจ้าอยู่หัว\",\"summary\":\"รูปภาพทั้งหมด\",\"url\":\"https:\\/\\/eng.rmutp.ac.th\\/%e0%b8%84%e0%b8%93%e0%b8%b0%e0%b8%a7%e0%b8%b4%e0%b8%a8%e0%b8%a7%e0%b8%af%e0%b8%a3%e0%b9%88%e0%b8%a7%e0%b8%a1%e0%b8%9e%e0%b8%b4%e0%b8%98%e0%b8%b5%e0%b8%a7%e0%b8%b2%e0%b8%87%e0%b8%9e%e0%b8%a7%e0%b8%87\\/\",\"date_post\":\"24\\/10\\/2025\",\"source\":\"scraped:กิจกรรมคณะวิศวกรรมศาสตร์\"},{\"id\":\"9\",\"title\":\"การประชุมคณะกรรมการบริหารคณะวิศวกรรมศาสตร์ ครั้งที่ 6\\/2568\",\"summary\":\"การประชุมคณะกรรมการบริหารคณะวิศวกรรมศาสตร์ ครั้งที่ 6\\/2568 วันศุกร์ที่ 27 […]\",\"url\":\"https:\\/\\/eng.rmutp.ac.th\\/%e0%b8%81%e0%b8%b2%e0%b8%a3%e0%b8%9b%e0%b8%a3%e0%b8%b0%e0%b8%8a%e0%b8%b8%e0%b8%a1%e0%b8%84%e0%b8%93%e0%b8%b0%e0%b8%81%e0%b8%a3%e0%b8%a3%e0%b8%a1%e0%b8%81%e0%b8%b2%e0%b8%a3%e0%b8%9a%e0%b8%a3%e0%b8%b4-9\\/\",\"date_post\":\"22\\/07\\/2025\",\"source\":\"scraped:ข่าวประชาสัมพันธ์\"},{\"id\":\"8\",\"title\":\"ขอความร่วมมือผู้สำเร็จการศึกษาระดับ ปวช. ปีการศึกษา 2566 (รหัสปี 64) ตอบแบบสำรวจ\",\"summary\":\"คณะวิศวกรรมศาสตร์ มหาวิทยาลัยเทคโนโลยีราชมงคลพรนะคร ขอความร่วมมือผู้สำเร็จการศึกษาระดับ ปวช. ปีการศึกษา […]\",\"url\":\"https:\\/\\/eng.rmutp.ac.th\\/%e0%b8%82%e0%b8%ad%e0%b8%84%e0%b8%a7%e0%b8%b2%e0%b8%a1%e0%b8%a3%e0%b9%88%e0%b8%a7%e0%b8%a1%e0%b8%a1%e0%b8%b7%e0%b8%ad%e0%b8%9c%e0%b8%b9%e0%b9%89%e0%b8%aa%e0%b8%b3%e0%b9%80%e0%b8%a3%e0%b9%87%e0%b8%88\\/\",\"date_post\":\"22\\/07\\/2025\",\"source\":\"scraped:ข่าวประชาสัมพันธ์\"},{\"id\":\"7\",\"title\":\"ขอความร่วมมือผู้สำเร็จการศึกษาระดับ ปวช. ปีการศึกษา 2567 (รหัสปี 65) ตอบแบบสำรวจ\",\"summary\":\"คณะวิศวกรรมศาสตร์ มหาวิทยาลัยเทคโนโลยีราชมงคลพรนะคร ขอความร่วมมือผู้สำเร็จการศึกษาระดับ ปวช. ปีการศึกษา […]\",\"url\":\"https:\\/\\/eng.rmutp.ac.th\\/%e0%b8%82%e0%b8%ad%e0%b8%84%e0%b8%a7%e0%b8%b2%e0%b8%a1%e0%b8%a3%e0%b9%88%e0%b8%a7%e0%b8%a1%e0%b8%a1%e0%b8%b7%e0%b8%ad%e0%b8%9c%e0%b8%b9%e0%b9%89%e0%b8%aa%e0%b8%b3%e0%b9%80%e0%b8%a3%e0%b9%87%e0%b8%88-2\\/\",\"date_post\":\"22\\/07\\/2025\",\"source\":\"scraped:ข่าวประชาสัมพันธ์\"}]}', 'news', '[\"ข่าว\"]', 'chat_69148476d18982.13048936', '::1', '2025-11-12 15:58:01'),
(53, 'ข่าวล่าสุด', '{\"type\":\"news\",\"items\":[{\"id\":\"20\",\"title\":\"วิศวฯ ร่วมออกบูธกิจกรรมแนะแนวโรงเรียนพระแม่สกลสงเคราะห์\",\"summary\":\"รูปภาพทั้งหมด\",\"url\":\"https:\\/\\/eng.rmutp.ac.th\\/%e0%b8%a7%e0%b8%b4%e0%b8%a8%e0%b8%a7%e0%b8%af-%e0%b8%a3%e0%b9%88%e0%b8%a7%e0%b8%a1%e0%b8%ad%e0%b8%ad%e0%b8%81%e0%b8%9a%e0%b8%b9%e0%b8%98%e0%b8%81%e0%b8%b4%e0%b8%88%e0%b8%81%e0%b8%a3%e0%b8%a3-7\\/\",\"date_post\":\"25\\/07\\/2025\",\"source\":\"scraped:กิจกรรมคณะวิศวกรรมศาสตร์\"},{\"id\":\"19\",\"title\":\"กิจกรรมตักบาตรอาหารแห้ง ประจำเดือนกรกฎาคม 2568\",\"summary\":\"รูปภาพทั้งหมด\",\"url\":\"https:\\/\\/eng.rmutp.ac.th\\/%e0%b8%81%e0%b8%b4%e0%b8%88%e0%b8%81%e0%b8%a3%e0%b8%a3%e0%b8%a1%e0%b8%95%e0%b8%b1%e0%b8%81%e0%b8%9a%e0%b8%b2%e0%b8%95%e0%b8%a3%e0%b8%ad%e0%b8%b2%e0%b8%ab%e0%b8%b2%e0%b8%a3%e0%b9%81%e0%b8%ab%e0%b9%89-2\\/\",\"date_post\":\"25\\/07\\/2025\",\"source\":\"scraped:กิจกรรมคณะวิศวกรรมศาสตร์\"},{\"id\":\"14\",\"title\":\"คณะวิศวฯร่วมพิธีวางพวงมาลาถวายบังคมพระบรมราชานุสรณ์พระบาทสมเด็จพระจุลจอมเกล้าเจ้าอยู่หัว\",\"summary\":\"รูปภาพทั้งหมด\",\"url\":\"https:\\/\\/eng.rmutp.ac.th\\/%e0%b8%84%e0%b8%93%e0%b8%b0%e0%b8%a7%e0%b8%b4%e0%b8%a8%e0%b8%a7%e0%b8%af%e0%b8%a3%e0%b9%88%e0%b8%a7%e0%b8%a1%e0%b8%9e%e0%b8%b4%e0%b8%98%e0%b8%b5%e0%b8%a7%e0%b8%b2%e0%b8%87%e0%b8%9e%e0%b8%a7%e0%b8%87\\/\",\"date_post\":\"24\\/10\\/2025\",\"source\":\"scraped:กิจกรรมคณะวิศวกรรมศาสตร์\"},{\"id\":\"9\",\"title\":\"การประชุมคณะกรรมการบริหารคณะวิศวกรรมศาสตร์ ครั้งที่ 6\\/2568\",\"summary\":\"การประชุมคณะกรรมการบริหารคณะวิศวกรรมศาสตร์ ครั้งที่ 6\\/2568 วันศุกร์ที่ 27 […]\",\"url\":\"https:\\/\\/eng.rmutp.ac.th\\/%e0%b8%81%e0%b8%b2%e0%b8%a3%e0%b8%9b%e0%b8%a3%e0%b8%b0%e0%b8%8a%e0%b8%b8%e0%b8%a1%e0%b8%84%e0%b8%93%e0%b8%b0%e0%b8%81%e0%b8%a3%e0%b8%a3%e0%b8%a1%e0%b8%81%e0%b8%b2%e0%b8%a3%e0%b8%9a%e0%b8%a3%e0%b8%b4-9\\/\",\"date_post\":\"22\\/07\\/2025\",\"source\":\"scraped:ข่าวประชาสัมพันธ์\"},{\"id\":\"8\",\"title\":\"ขอความร่วมมือผู้สำเร็จการศึกษาระดับ ปวช. ปีการศึกษา 2566 (รหัสปี 64) ตอบแบบสำรวจ\",\"summary\":\"คณะวิศวกรรมศาสตร์ มหาวิทยาลัยเทคโนโลยีราชมงคลพรนะคร ขอความร่วมมือผู้สำเร็จการศึกษาระดับ ปวช. ปีการศึกษา […]\",\"url\":\"https:\\/\\/eng.rmutp.ac.th\\/%e0%b8%82%e0%b8%ad%e0%b8%84%e0%b8%a7%e0%b8%b2%e0%b8%a1%e0%b8%a3%e0%b9%88%e0%b8%a7%e0%b8%a1%e0%b8%a1%e0%b8%b7%e0%b8%ad%e0%b8%9c%e0%b8%b9%e0%b9%89%e0%b8%aa%e0%b8%b3%e0%b9%80%e0%b8%a3%e0%b9%87%e0%b8%88\\/\",\"date_post\":\"22\\/07\\/2025\",\"source\":\"scraped:ข่าวประชาสัมพันธ์\"},{\"id\":\"7\",\"title\":\"ขอความร่วมมือผู้สำเร็จการศึกษาระดับ ปวช. ปีการศึกษา 2567 (รหัสปี 65) ตอบแบบสำรวจ\",\"summary\":\"คณะวิศวกรรมศาสตร์ มหาวิทยาลัยเทคโนโลยีราชมงคลพรนะคร ขอความร่วมมือผู้สำเร็จการศึกษาระดับ ปวช. ปีการศึกษา […]\",\"url\":\"https:\\/\\/eng.rmutp.ac.th\\/%e0%b8%82%e0%b8%ad%e0%b8%84%e0%b8%a7%e0%b8%b2%e0%b8%a1%e0%b8%a3%e0%b9%88%e0%b8%a7%e0%b8%a1%e0%b8%a1%e0%b8%b7%e0%b8%ad%e0%b8%9c%e0%b8%b9%e0%b9%89%e0%b8%aa%e0%b8%b3%e0%b9%80%e0%b8%a3%e0%b9%87%e0%b8%88-2\\/\",\"date_post\":\"22\\/07\\/2025\",\"source\":\"scraped:ข่าวประชาสัมพันธ์\"}]}', 'news', '[\"ข่าว\"]', 'chat_69148476d18982.13048936', '::1', '2025-11-12 15:59:31'),
(54, 'ติดต่อคณะ', '{\"type\":\"contact\",\"text\":\"📋 ข้อมูลติดต่อคณะวิศวกรรมศาสตร์ RMUTP\\n\\n📞 เบอร์โทรศัพท์: 02-555-2000\\n✉️ อีเมล: eng@rmutp.ac.th\\n📍 ที่อยู่: 399 ถนนสามเสน แขวงวชิรพยาบาล เขตดุสิต กรุงเทพฯ 10300\\n🌐 เว็บไซต์: https:\\/\\/eng.rmutp.ac.th\\n📘 Facebook: https:\\/\\/facebook.com\\/rmutp.engineering\\n💬 LINE Official: @rmutpeng\\n🕐 เวลาทำการ: จันทร์-ศุกร์ เวลา 08:30-16:30 น.\\n\",\"items\":[{\"info_key\":\"phone\",\"info_value\":\"02-555-2000\",\"display_name\":\"เบอร์โทรศัพท์\",\"icon\":\"📞\"},{\"info_key\":\"email\",\"info_value\":\"eng@rmutp.ac.th\",\"display_name\":\"อีเมล\",\"icon\":\"✉️\"},{\"info_key\":\"address\",\"info_value\":\"399 ถนนสามเสน แขวงวชิรพยาบาล เขตดุสิต กรุงเทพฯ 10300\",\"display_name\":\"ที่อยู่\",\"icon\":\"📍\"},{\"info_key\":\"website\",\"info_value\":\"https:\\/\\/eng.rmutp.ac.th\",\"display_name\":\"เว็บไซต์\",\"icon\":\"🌐\"},{\"info_key\":\"facebook\",\"info_value\":\"https:\\/\\/facebook.com\\/rmutp.engineering\",\"display_name\":\"Facebook\",\"icon\":\"📘\"},{\"info_key\":\"line\",\"info_value\":\"@rmutpeng\",\"display_name\":\"LINE Official\",\"icon\":\"💬\"},{\"info_key\":\"hours\",\"info_value\":\"จันทร์-ศุกร์ เวลา 08:30-16:30 น.\",\"display_name\":\"เวลาทำการ\",\"icon\":\"🕐\"}]}', 'contact', '[\"ติดต่อ\"]', 'chat_69148476d18982.13048936', '::1', '2025-11-12 15:59:36'),
(55, 'อาจารย์คอมพิวเตอร์', '{\"type\":\"staff\",\"items\":[{\"id\":\"1\",\"fullname\":\"ผศ.ดร.เกรียงไกร เหลืองอำพล\",\"title\":\"ผู้ช่วยศาสตราจารย์ ดร.\",\"department\":\"วิศวกรรมคอมพิวเตอร์\",\"email\":\"kriengkri.l@rmutp.ac.th\",\"phone\":\"02-836-3000 ต่อ 8339\",\"office\":\"ตึก 3 ห้อง 402\",\"role\":\"หัวหน้าสาขาวิชา\"}]}', 'staff', '[\"อาจารย์\",\"คอม\"]', 'chat_69148476d18982.13048936', '::1', '2025-11-12 15:59:40'),
(56, 'ทุนการศึกษา', '{\"type\":\"text\",\"text\":\"มีทุนการศึกษาหลายประเภท:\\n1. ทุนเรียนดี (เกรดเฉลี่ย 3.50 ขึ้นไป)\\n2. ทุนขาดแคลนทุนทรัพย์\\n3. ทุนกิจกรรม\\n4. ทุนบริษัทเอกชน\\nติดต่อสอบถาม: กองทุนการศึกษา โทร 02-555-2001\"}', 'faq', '[\"ทุน\"]', 'chat_69148476d18982.13048936', '::1', '2025-11-12 15:59:44'),
(57, 'สาขาวิชา', '{\"type\":\"text\",\"text\":\"คณะวิศวกรรมศาสตร์ RMUTP มี 6 สาขาวิชา: \\n🎓 1. วิศวกรรมคอมพิวเตอร์\\n- AI, Software, Network\\n\\n🎓 2. วิศวกรรมไฟฟ้า\\n- ระบบไฟฟ้า, พลังงาน\\n\\n🎓 3. วิศวกรรมอิเล็กทรอนิกส์\\n- IoT, Embedded System\\n\\n🎓 4. วิศวกรรมโยธา\\n- โครงสร้าง, ก่อสร้าง\\n\\n🎓 5. วิศวกรรมอุตสาหการ\\n- การผลิต, Logistics\\n\\n🎓 6. วิศวกรรมเครื่องกล\\n- ยานยนต์, เครื่องจักร\\n\\n🌐 ดูหลักสูตร: https:\\/\\/eng.rmutp.ac.th\\/curriculum\",\"category\":\"หลักสูตร\"}', 'faq', '[\"faq_match\"]', 'chat_69148476d18982.13048936', '::1', '2025-11-12 15:59:48');

-- --------------------------------------------------------

--
-- Stand-in structure for view `chat_statistics`
-- (See below for the actual view)
--
CREATE TABLE `chat_statistics` (
`chat_date` date
,`total_chats` bigint(21)
,`unique_sessions` bigint(21)
,`response_type` varchar(50)
,`no_answer_count` bigint(21)
);

-- --------------------------------------------------------

--
-- Table structure for table `contact_info`
--

CREATE TABLE `contact_info` (
  `id` int(11) NOT NULL,
  `info_key` varchar(100) NOT NULL COMMENT 'เช่น phone, email, address, facebook',
  `info_value` text NOT NULL,
  `display_name` varchar(255) DEFAULT NULL COMMENT 'ชื่อที่แสดง',
  `icon` varchar(50) DEFAULT NULL COMMENT 'ไอคอน emoji หรือ class',
  `sort_order` int(11) DEFAULT 0,
  `is_active` tinyint(1) DEFAULT 1,
  `date_updated` timestamp NOT NULL DEFAULT current_timestamp() ON UPDATE current_timestamp()
) ENGINE=InnoDB DEFAULT CHARSET=utf8mb4 COLLATE=utf8mb4_unicode_ci;

--
-- Dumping data for table `contact_info`
--

INSERT INTO `contact_info` (`id`, `info_key`, `info_value`, `display_name`, `icon`, `sort_order`, `is_active`, `date_updated`) VALUES
(1, 'phone', '02-555-2000', 'เบอร์โทรศัพท์', '📞', 1, 1, '2025-11-10 19:33:19'),
(2, 'email', 'eng@rmutp.ac.th', 'อีเมล', '✉️', 2, 1, '2025-11-10 19:33:19'),
(3, 'address', '399 ถนนสามเสน แขวงวชิรพยาบาล เขตดุสิต กรุงเทพฯ 10300', 'ที่อยู่', '📍', 3, 1, '2025-11-10 19:33:19'),
(4, 'website', 'https://eng.rmutp.ac.th', 'เว็บไซต์', '🌐', 4, 1, '2025-11-10 19:33:19'),
(5, 'facebook', 'https://facebook.com/rmutp.engineering', 'Facebook', '📘', 5, 1, '2025-11-10 19:33:19'),
(6, 'line', '@rmutpeng', 'LINE Official', '💬', 6, 1, '2025-11-10 19:33:19'),
(7, 'hours', 'จันทร์-ศุกร์ เวลา 08:30-16:30 น.', 'เวลาทำการ', '🕐', 7, 1, '2025-11-10 19:33:19');

-- --------------------------------------------------------

--
-- Table structure for table `faq`
--

CREATE TABLE `faq` (
  `id` int(11) NOT NULL,
  `question` text NOT NULL,
  `answer` text NOT NULL,
  `category` varchar(100) DEFAULT NULL COMMENT 'ติดต่อคณะ, ทุนการศึกษา, หลักสูตร',
  `priority` int(11) DEFAULT 0 COMMENT 'ความสำคัญในการแสดงผล',
  `date_created` timestamp NOT NULL DEFAULT current_timestamp(),
  `date_updated` timestamp NOT NULL DEFAULT current_timestamp() ON UPDATE current_timestamp(),
  `is_active` tinyint(1) DEFAULT 1
) ENGINE=InnoDB DEFAULT CHARSET=utf8mb4 COLLATE=utf8mb4_unicode_ci;

--
-- Dumping data for table `faq`
--

INSERT INTO `faq` (`id`, `question`, `answer`, `category`, `priority`, `date_created`, `date_updated`, `is_active`) VALUES
(1, 'ติดต่อคณะวิศวกรรมศาสตร์ยังไง', 'ติดต่อได้ที่\n📞 โทร: 02-555-2000\n✉️ Email: eng@rmutp.ac.th\n📍 ที่อยู่่: 399 ถนนสามเสน แขวงวชิรพยาบาล เขตดุสิต กรุงเทพฯ 10300', 'ติดต่อคณะ', 10, '2025-11-10 19:33:19', '2025-11-10 19:33:19', 1),
(2, 'สมัครเรียนวิศวะต้องทำอย่างไร', 'สมัครเรียนได้ผ่านระบบ TCAS ทั้ง 4 รอบ\n- รอบที่ 1: โควตา\n- รอบที่ 2: Portfolio\n- รอบที่ 3: Admission\n- รอบที่ 4: Direct Admission\nรายละเอียดเพิ่มเติม: https://admission.rmutp.ac.th', 'การรับสมัคร', 9, '2025-11-10 19:33:19', '2025-11-10 19:33:19', 1),
(3, 'มีทุนการศึกษาไหม', 'มีทุนการศึกษาหลายประเภท:\n1. ทุนเรียนดี (เกรดเฉลี่ย 3.50 ขึ้นไป)\n2. ทุนขาดแคลนทุนทรัพย์\n3. ทุนกิจกรรม\n4. ทุนบริษัทเอกชน\nติดต่อสอบถาม: กองทุนการศึกษา โทร 02-555-2001', 'ทุนการศึกษา', 8, '2025-11-10 19:33:19', '2025-11-10 19:33:19', 1),
(4, 'สาขาวิชาในคณะวิศวกรรมศาสตร์มีอะไรบ้าง', 'คณะวิศวกรรมศาสตร์มี 6 สาขาวิชา:\n1. วิศวกรรมคอมพิวเตอร์\n2. วิศวกรรมไฟฟ้า\n3. วิศวกรรมอิเล็กทรอนิกส์\n4. วิศวกรรมโยธา\n5. วิศวกรรมอุตสาหการ\n6. วิศวกรรมเครื่องกล', 'หลักสูตร', 7, '2025-11-10 19:33:19', '2025-11-10 19:33:19', 1),
(5, 'ค่าเทอมวิศวะเท่าไหร่', 'ค่าเทอมประมาณ 16,000-18,000 บาท/ภาคเรียน (ขึ้นอยู่กับสาขาวิชา)\nค่าธรรมเนียมแรกเข้า 3,000 บาท (ครั้งแรกเท่านั้น)\nสามารถผ่อนชำระได้', 'ค่าใช้จ่าย', 6, '2025-11-10 19:33:19', '2025-11-10 19:33:19', 1),
(6, 'ติดต่อคณะวิศวกรรมศาสตร์ยังไง', 'โทร: 02-555-2000\n✉️ Email: eng@rmutp.ac.th\n📍 ที่อยู่: 399 ถนนสามเสน แขวงวชิรพยาบาล เขตดุสิต กรุงเทพฯ 10300\n🌐 Website: https://eng.rmutp.ac.th\n🕐 เวลาทำการ: จันทร์-ศุกร์ 08:30-16:30 น.', 'ติดต่อคณะ', 0, '2025-11-12 13:10:04', '2025-11-12 13:10:04', 1),
(7, 'มีทุนการศึกษาไหม', 'มีทุนการศึกษาหลายประเภท:\n\n💰 1. ทุนเรียนดี\n- เกรดเฉลี่ย 3.50 ขึ้นไป\n- ลดค่าเทอม 50-100%\n\n💰 2. ทุนขาดแคลนทุนทรัพย์\n- รายได้ครอบครัวไม่เกิน 150,000 บาท/ปี\n- ลดค่าเทอม 50-100%\n\n💰 3. ทุนกิจกรรม\n- เข้าร่วมกิจกรรมคณะ/มหาวิทยาลัย\n- ลดค่าเทอม 20-50%\n\n💰 4. ทุนบริษัทเอกชน\n- ต่าง ๆ ตามความร่วมมือ\n\n📞 สอบถามเพิ่มเติม: กองทุนการศึกษา โทร 02-555-2001', 'ทุนการศึกษา', 0, '2025-11-12 13:10:52', '2025-11-12 13:10:52', 1),
(8, 'สมัครเรียนวิศวะต้องทำอย่างไร', 'สมัครเรียนได้ผ่านระบบ TCAS ทั้ง 4 รอบ:\n\n📝 รอบที่ 1: โควตา (พ.ย.-ธ.ค.)\n- โควตาโรงเรียน\n- โควตาจังหวัด\n\n📝 รอบที่ 2: Portfolio (ม.ค.-ก.พ.)\n- ส่งผลงาน\n- สัมภาษณ์\n\n📝 รอบที่ 3: Admission (เม.ย.-พ.ค.)\n- ใช้คะแนน GAT/PAT\n- คะแนน A-Level\n\n📝 รอบที่ 4: Direct Admission (มิ.ย.-ก.ค.)\n- สมัครตรง\n- ใช้คะแนน O-NET\n\n🌐 รายละเอียดเพิ่มเติม: https://admission.rmutp.ac.th\n📞 สอบถาม: 02-555-2100', 'การรับสมัคร', 0, '2025-11-12 13:11:29', '2025-11-12 13:11:29', 1),
(9, 'สาขาวิชาในคณะวิศวกรรมศาสตร์มีอะไรบ้าง', 'คณะวิศวกรรมศาสตร์ RMUTP มี 6 สาขาวิชา: \n🎓 1. วิศวกรรมคอมพิวเตอร์\n- AI, Software, Network\n\n🎓 2. วิศวกรรมไฟฟ้า\n- ระบบไฟฟ้า, พลังงาน\n\n🎓 3. วิศวกรรมอิเล็กทรอนิกส์\n- IoT, Embedded System\n\n🎓 4. วิศวกรรมโยธา\n- โครงสร้าง, ก่อสร้าง\n\n🎓 5. วิศวกรรมอุตสาหการ\n- การผลิต, Logistics\n\n🎓 6. วิศวกรรมเครื่องกล\n- ยานยนต์, เครื่องจักร\n\n🌐 ดูหลักสูตร: https://eng.rmutp.ac.th/curriculum', 'หลักสูตร', 0, '2025-11-12 13:12:19', '2025-11-12 13:12:19', 1),
(10, 'ค่าเทอมวิศวะเท่าไหร่', '💵 ค่าเทอมประมาณ 16,000-18,000 บาท/ภาคเรียน\n(ขึ้นอยู่กับสาขาวิชา)\n\n💵 ค่าธรรมเนียมแรกเข้า: 3,000 บาท\n(ชำระครั้งแรกเท่านั้น)\n\n✅ สามารถผ่อนชำระได้ 2-3 งวด\n✅ รับบัตรกดเงินสด/บัตรเครดิต\n\n📝 หมายเหตุ:\n- ค่าใช้จ่ายอาจเปลี่ยนแปลงได้\n- มีทุนการศึกษาสำหรับนักศึกษาที่มีผลการเรียนดี\n\n📞 สอบถาม: กองคลัง โทร 02-555-2050', 'ค่าใช้จ่าย', 0, '2025-11-12 13:12:48', '2025-11-12 13:12:48', 1);

-- --------------------------------------------------------

--
-- Table structure for table `faq_keyword`
--

CREATE TABLE `faq_keyword` (
  `id` int(11) NOT NULL,
  `faq_id` int(11) NOT NULL,
  `keyword` varchar(255) NOT NULL,
  `weight` int(11) DEFAULT 1 COMMENT 'น้ำหนักของคีย์เวิร์ด'
) ENGINE=InnoDB DEFAULT CHARSET=utf8mb4 COLLATE=utf8mb4_unicode_ci;

--
-- Dumping data for table `faq_keyword`
--

INSERT INTO `faq_keyword` (`id`, `faq_id`, `keyword`, `weight`) VALUES
(1, 1, 'ติดต่อ', 10),
(2, 1, 'โทร', 8),
(3, 1, 'email', 8),
(4, 1, 'ที่อยู่', 7),
(5, 1, 'เบอร์', 7),
(6, 2, 'สมัคร', 10),
(7, 2, 'รับสมัคร', 9),
(8, 2, 'TCAS', 8),
(9, 2, 'เข้าเรียน', 7),
(10, 3, 'ทุน', 10),
(11, 3, 'ทุนการศึกษา', 10),
(12, 3, 'เรียนฟรี', 7),
(13, 3, 'ช่วยเหลือ', 6),
(14, 4, 'สาขา', 10),
(15, 4, 'สาขาวิชา', 10),
(16, 4, 'หลักสูตร', 8),
(17, 4, 'เรียนอะไร', 7),
(18, 5, 'ค่าเทอม', 10),
(19, 5, 'ค่าใช้จ่าย', 9),
(20, 5, 'ราคา', 8),
(21, 5, 'เงิน', 7),
(22, 6, 'ติดต่อ', 1),
(23, 6, 'โทร', 1),
(24, 6, 'email', 1),
(25, 6, 'เบอร์', 1),
(26, 6, 'ที่อยู่', 1),
(27, 6, 'แผนที่', 1),
(28, 7, 'ทุน', 1),
(29, 7, 'ทุนการศึกษา', 1),
(30, 7, 'เรียนฟรี', 1),
(31, 7, 'ช่วยเหลือ', 1),
(32, 7, 'ขาดแคลน', 1),
(33, 8, 'สมัคร', 1),
(34, 8, 'รับสมัคร', 1),
(35, 8, 'TCAS', 1),
(36, 8, 'เข้าเรียน', 1),
(37, 8, 'สอบเข้า', 1),
(38, 9, 'สาขา', 1),
(39, 9, 'สาขาวิชา', 1),
(40, 9, 'หลักสูตร', 1),
(41, 9, 'เรียนอะไร', 1),
(42, 9, 'วิชาเอก', 1),
(43, 10, 'ค่าเทอม', 1),
(44, 10, 'ค่าใช้จ่าย', 1),
(45, 10, 'ราคา', 1),
(46, 10, 'เงิน', 1),
(47, 10, 'ผ่อน', 1);

-- --------------------------------------------------------

--
-- Table structure for table `news`
--

CREATE TABLE `news` (
  `id` int(11) NOT NULL,
  `title` varchar(500) NOT NULL,
  `summary` text DEFAULT NULL,
  `url` varchar(1000) DEFAULT NULL,
  `date_post` date DEFAULT NULL,
  `date_created` timestamp NOT NULL DEFAULT current_timestamp(),
  `source` varchar(255) DEFAULT 'manual' COMMENT 'manual, scraped',
  `is_active` tinyint(1) DEFAULT 1
) ENGINE=InnoDB DEFAULT CHARSET=utf8mb4 COLLATE=utf8mb4_unicode_ci;

--
-- Dumping data for table `news`
--

INSERT INTO `news` (`id`, `title`, `summary`, `url`, `date_post`, `date_created`, `source`, `is_active`) VALUES
(1, 'คณะวิศวกรรมศาสตร์ มทร.พระนคร ขอแสดงความยินดี', 'คณะวิศวกรรมศาสตร์ มทร.พระนคร ขอแสดงความยินดี “ดร.ณัฐวรพล รัชสิริวัชรบุล” […]', 'https://eng.rmutp.ac.th/%e0%b8%84%e0%b8%93%e0%b8%b0%e0%b8%a7%e0%b8%b4%e0%b8%a8%e0%b8%a7%e0%b8%81%e0%b8%a3%e0%b8%a3%e0%b8%a1%e0%b8%a8%e0%b8%b2%e0%b8%aa%e0%b8%95%e0%b8%a3%e0%b9%8c-%e0%b8%a1%e0%b8%97%e0%b8%a3-%e0%b8%9e-8/', '2025-10-16', '2025-11-12 14:51:00', 'scraped:ข่าวประชาสัมพันธ์', 1),
(2, 'กำหนดการขอเปิดรายวิชานอกแผนการเรียน ระดับ ปวช. ภาคเรียนที่ 2/2568', '📣📣ประกาศจากคณะวิศวกรรมศาสตร์ มทร.พระนคร📣📣 กำหนดการขอเปิดรายวิชานอกแผนการเรียน ระดับ ปวช. […]', 'https://eng.rmutp.ac.th/%e0%b8%81%e0%b8%b3%e0%b8%ab%e0%b8%99%e0%b8%94%e0%b8%81%e0%b8%b2%e0%b8%a3%e0%b8%82%e0%b8%ad%e0%b9%80%e0%b8%9b%e0%b8%b4%e0%b8%94%e0%b8%a3%e0%b8%b2%e0%b8%a2%e0%b8%a7%e0%b8%b4%e0%b8%8a%e0%b8%b2%e0%b8%99-3/', '2025-10-16', '2025-11-12 14:51:00', 'scraped:ข่าวประชาสัมพันธ์', 1),
(3, 'โครงการภาษาจีนเพื่อการสื่อสารในชีวิตประจำวัน ฟรี!', 'โครงการภาษาจีนเพื่อการสื่อสารในชีวิตประจำวัน ฟรี!  วันที่ 30–31 ตุลาคม […]', 'https://eng.rmutp.ac.th/%e0%b9%82%e0%b8%84%e0%b8%a3%e0%b8%87%e0%b8%81%e0%b8%b2%e0%b8%a3%e0%b8%a0%e0%b8%b2%e0%b8%a9%e0%b8%b2%e0%b8%88%e0%b8%b5%e0%b8%99%e0%b9%80%e0%b8%9e%e0%b8%b7%e0%b9%88%e0%b8%ad%e0%b8%81%e0%b8%b2%e0%b8%a3/', '2025-10-08', '2025-11-12 14:51:00', 'scraped:ข่าวประชาสัมพันธ์', 1),
(4, 'แจ้งเรื่องการขอผ่อนผันทหาร ปีการศึกษา 2568 (รอบสุดท้าย)', '', 'https://eng.rmutp.ac.th/%e0%b9%81%e0%b8%88%e0%b9%89%e0%b8%87%e0%b9%80%e0%b8%a3%e0%b8%b7%e0%b9%88%e0%b8%ad%e0%b8%87%e0%b8%81%e0%b8%b2%e0%b8%a3%e0%b8%82%e0%b8%ad%e0%b8%9c%e0%b9%88%e0%b8%ad%e0%b8%99%e0%b8%9c%e0%b8%b1%e0%b8%99-3/', '2025-10-03', '2025-11-12 14:51:00', 'scraped:ข่าวประชาสัมพันธ์', 1),
(5, 'ร่วมกิจกรรมเฉลิมพระเกียรติ พระบาทสมเด็จพระปรเมนทรมหาอานันทมหิดล พระอัฐมรามาธิบดินทร รัชกาลที่ ๘', 'มหาวิทยาลัยเทคโนโลยีราชมงคลพระนครขอเชิญผู้บริหาร คณาจารย์ บุคลากร นักศึกษา ร่วมกิจกรรมเฉลิมพระเกียรติ […]', 'https://eng.rmutp.ac.th/%e0%b8%a3%e0%b9%88%e0%b8%a7%e0%b8%a1%e0%b8%81%e0%b8%b4%e0%b8%88%e0%b8%81%e0%b8%a3%e0%b8%a3%e0%b8%a1%e0%b9%80%e0%b8%89%e0%b8%a5%e0%b8%b4%e0%b8%a1%e0%b8%9e%e0%b8%a3%e0%b8%b0%e0%b9%80%e0%b8%81%e0%b8%b5/', '2025-09-17', '2025-11-12 14:51:00', 'scraped:ข่าวประชาสัมพันธ์', 1),
(6, 'ประกาศ สำหรับบัณฑิต มหาบัณฑิต และดุษฎีบัณฑิต ประจำปี 2567', 'ประกาศ สำหรับบัณฑิต มหาบัณฑิต และดุษฎีบัณฑิต ประจำปี […]', 'https://eng.rmutp.ac.th/%e0%b8%9b%e0%b8%a3%e0%b8%b0%e0%b8%81%e0%b8%b2%e0%b8%a8-%e0%b8%aa%e0%b8%b3%e0%b8%ab%e0%b8%a3%e0%b8%b1%e0%b8%9a%e0%b8%9a%e0%b8%b1%e0%b8%93%e0%b8%91%e0%b8%b4%e0%b8%95-%e0%b8%a1%e0%b8%ab%e0%b8%b2-2/', '2025-09-16', '2025-11-12 14:51:00', 'scraped:ข่าวประชาสัมพันธ์', 1),
(7, 'ขอความร่วมมือผู้สำเร็จการศึกษาระดับ ปวช. ปีการศึกษา 2567 (รหัสปี 65) ตอบแบบสำรวจ', 'คณะวิศวกรรมศาสตร์ มหาวิทยาลัยเทคโนโลยีราชมงคลพรนะคร ขอความร่วมมือผู้สำเร็จการศึกษาระดับ ปวช. ปีการศึกษา […]', 'https://eng.rmutp.ac.th/%e0%b8%82%e0%b8%ad%e0%b8%84%e0%b8%a7%e0%b8%b2%e0%b8%a1%e0%b8%a3%e0%b9%88%e0%b8%a7%e0%b8%a1%e0%b8%a1%e0%b8%b7%e0%b8%ad%e0%b8%9c%e0%b8%b9%e0%b9%89%e0%b8%aa%e0%b8%b3%e0%b9%80%e0%b8%a3%e0%b9%87%e0%b8%88-2/', '2025-07-22', '2025-11-12 14:51:00', 'scraped:ข่าวประชาสัมพันธ์', 1),
(8, 'ขอความร่วมมือผู้สำเร็จการศึกษาระดับ ปวช. ปีการศึกษา 2566 (รหัสปี 64) ตอบแบบสำรวจ', 'คณะวิศวกรรมศาสตร์ มหาวิทยาลัยเทคโนโลยีราชมงคลพรนะคร ขอความร่วมมือผู้สำเร็จการศึกษาระดับ ปวช. ปีการศึกษา […]', 'https://eng.rmutp.ac.th/%e0%b8%82%e0%b8%ad%e0%b8%84%e0%b8%a7%e0%b8%b2%e0%b8%a1%e0%b8%a3%e0%b9%88%e0%b8%a7%e0%b8%a1%e0%b8%a1%e0%b8%b7%e0%b8%ad%e0%b8%9c%e0%b8%b9%e0%b9%89%e0%b8%aa%e0%b8%b3%e0%b9%80%e0%b8%a3%e0%b9%87%e0%b8%88/', '2025-07-22', '2025-11-12 14:51:00', 'scraped:ข่าวประชาสัมพันธ์', 1),
(9, 'การประชุมคณะกรรมการบริหารคณะวิศวกรรมศาสตร์ ครั้งที่ 6/2568', 'การประชุมคณะกรรมการบริหารคณะวิศวกรรมศาสตร์ ครั้งที่ 6/2568 วันศุกร์ที่ 27 […]', 'https://eng.rmutp.ac.th/%e0%b8%81%e0%b8%b2%e0%b8%a3%e0%b8%9b%e0%b8%a3%e0%b8%b0%e0%b8%8a%e0%b8%b8%e0%b8%a1%e0%b8%84%e0%b8%93%e0%b8%b0%e0%b8%81%e0%b8%a3%e0%b8%a3%e0%b8%a1%e0%b8%81%e0%b8%b2%e0%b8%a3%e0%b8%9a%e0%b8%a3%e0%b8%b4-9/', '2025-07-22', '2025-11-12 14:51:01', 'scraped:ข่าวประชาสัมพันธ์', 1),
(10, 'พิธีพระราชทานปริญญาบัตร มหาวิทยาลัยเทคโนโลยีราชมงคลพระนคร ครั้งที่ 39 ปีการศึกษา 2567', 'พิธีพระราชทานปริญญาบัตร มหาวิทยาลัยเทคโนโลยีราชมงคลพระนคร ครั้งที่ 39 ปีการศึกษา […]', 'https://eng.rmutp.ac.th/%e0%b8%9e%e0%b8%b4%e0%b8%98%e0%b8%b5%e0%b8%9e%e0%b8%a3%e0%b8%b0%e0%b8%a3%e0%b8%b2%e0%b8%8a%e0%b8%97%e0%b8%b2%e0%b8%99%e0%b8%9b%e0%b8%a3%e0%b8%b4%e0%b8%8d%e0%b8%8d%e0%b8%b2%e0%b8%9a%e0%b8%b1%e0%b8%95-6/', '2025-07-18', '2025-11-12 14:51:01', 'scraped:ข่าวประชาสัมพันธ์', 1),
(11, 'เอไอเอส ร่วมกับคณะวิศวฯ จัดประชุมให้ความรู้เรื่องคลื่นแม่เหล็กไฟฟ้าและมาตรฐานความปลอดภัย', 'รูปภาพทั้งหมด', 'https://eng.rmutp.ac.th/%e0%b9%80%e0%b8%ad%e0%b9%84%e0%b8%ad%e0%b9%80%e0%b8%ad%e0%b8%aa-%e0%b8%a3%e0%b9%88%e0%b8%a7%e0%b8%a1%e0%b8%81%e0%b8%b1%e0%b8%9a%e0%b8%84%e0%b8%93%e0%b8%b0%e0%b8%a7%e0%b8%b4%e0%b8%a8%e0%b8%a7%e0%b8%af/', '2025-11-07', '2025-11-12 14:54:15', 'scraped:กิจกรรมคณะวิศวกรรมศาสตร์', 1),
(12, 'กิจกรรมปัจฉิมนิเทศนักศึกษา ประจำปีการศึกษา 2568', 'รูปภาพทั้งหมด', 'https://eng.rmutp.ac.th/%e0%b8%81%e0%b8%b4%e0%b8%88%e0%b8%81%e0%b8%a3%e0%b8%a3%e0%b8%a1%e0%b8%9b%e0%b8%b1%e0%b8%88%e0%b8%89%e0%b8%b4%e0%b8%a1%e0%b8%99%e0%b8%b4%e0%b9%80%e0%b8%97%e0%b8%a8%e0%b8%99%e0%b8%b1%e0%b8%81%e0%b8%a8-7/', '2025-11-03', '2025-11-12 14:54:15', 'scraped:กิจกรรมคณะวิศวกรรมศาสตร์', 1),
(13, 'วิศวฯ จัดพิธีถวายความอาลัยและน้อมรำลึกในพระมหากรุณาธิคุณ สมเด็จพระนางเจ้าสิริกิติ์ พระบรมราชินีนาถ พระบรมราชชนนีพันปีหลวง', 'รูปภาพทั้งหมด', 'https://eng.rmutp.ac.th/%e0%b8%a7%e0%b8%b4%e0%b8%a8%e0%b8%a7%e0%b8%af-%e0%b8%88%e0%b8%b1%e0%b8%94%e0%b8%9e%e0%b8%b4%e0%b8%98%e0%b8%b5%e0%b8%96%e0%b8%a7%e0%b8%b2%e0%b8%a2%e0%b8%84%e0%b8%a7%e0%b8%b2%e0%b8%a1%e0%b8%ad%e0%b8%b2/', '2025-11-03', '2025-11-12 14:54:15', 'scraped:กิจกรรมคณะวิศวกรรมศาสตร์', 1),
(14, 'คณะวิศวฯร่วมพิธีวางพวงมาลาถวายบังคมพระบรมราชานุสรณ์พระบาทสมเด็จพระจุลจอมเกล้าเจ้าอยู่หัว', 'รูปภาพทั้งหมด', 'https://eng.rmutp.ac.th/%e0%b8%84%e0%b8%93%e0%b8%b0%e0%b8%a7%e0%b8%b4%e0%b8%a8%e0%b8%a7%e0%b8%af%e0%b8%a3%e0%b9%88%e0%b8%a7%e0%b8%a1%e0%b8%9e%e0%b8%b4%e0%b8%98%e0%b8%b5%e0%b8%a7%e0%b8%b2%e0%b8%87%e0%b8%9e%e0%b8%a7%e0%b8%87/', '2025-10-24', '2025-11-12 14:54:15', 'scraped:กิจกรรมคณะวิศวกรรมศาสตร์', 1),
(15, 'กิจกรรมปัจฉิมนิเทศนักศึกษา สหกิจศึกษาและประกวดโครงงานสหกิจศึกษา คณะวิศวกรรมศาสตร์', '  รูปภาพทั้งหมด', 'https://eng.rmutp.ac.th/%e0%b8%81%e0%b8%b4%e0%b8%88%e0%b8%81%e0%b8%a3%e0%b8%a3%e0%b8%a1%e0%b8%9b%e0%b8%b1%e0%b8%88%e0%b8%89%e0%b8%b4%e0%b8%a1%e0%b8%99%e0%b8%b4%e0%b9%80%e0%b8%97%e0%b8%a8%e0%b8%99%e0%b8%b1%e0%b8%81%e0%b8%a8-6/', '2025-10-15', '2025-11-12 14:54:16', 'scraped:กิจกรรมคณะวิศวกรรมศาสตร์', 1),
(16, 'คณะวิศวะ จัดงานเกษียณอายุราชการ ประจำปี 2568 “สายใยผูกพัน สายสัมพันธ์พระนครเหนือ 68”', 'รูปภาพทั้งหมด', 'https://eng.rmutp.ac.th/%e0%b8%84%e0%b8%93%e0%b8%b0%e0%b8%a7%e0%b8%b4%e0%b8%a8%e0%b8%a7%e0%b8%b0-%e0%b8%88%e0%b8%b1%e0%b8%94%e0%b8%87%e0%b8%b2%e0%b8%99%e0%b9%80%e0%b8%81%e0%b8%a9%e0%b8%b5%e0%b8%a2%e0%b8%93%e0%b8%ad-2/', '2025-09-20', '2025-11-12 14:54:16', 'scraped:กิจกรรมคณะวิศวกรรมศาสตร์', 1),
(17, 'การแข่งขันราชมงคลวิชาการวิศวกรรมระดับชาติ ครั้งที่ 16 ชิงถ้วยพระราชทาน พระบาทสมเด็จพระปรเมนทรรามาธิบดี ศรีสินทรมหาวชิราลงกรณ พระวชิรเกล้าเจ้าอยู่หัว', 'ภาพเพิ่มเติม', 'https://eng.rmutp.ac.th/%e0%b8%81%e0%b8%b2%e0%b8%a3%e0%b9%81%e0%b8%82%e0%b9%88%e0%b8%87%e0%b8%82%e0%b8%b1%e0%b8%99%e0%b8%a3%e0%b8%b2%e0%b8%8a%e0%b8%a1%e0%b8%87%e0%b8%84%e0%b8%a5%e0%b8%a7%e0%b8%b4%e0%b8%8a%e0%b8%b2%e0%b8%81-2/', '2025-08-13', '2025-11-12 14:54:16', 'scraped:กิจกรรมคณะวิศวกรรมศาสตร์', 1),
(18, 'วิศวะฯ จัดประกวด ENGNEERING RMUTP ALL STAR 2025', 'ภาพเพิ่มเติม', 'https://eng.rmutp.ac.th/%e0%b8%a7%e0%b8%b4%e0%b8%a8%e0%b8%a7%e0%b8%b0%e0%b8%af-%e0%b8%88%e0%b8%b1%e0%b8%94%e0%b8%9b%e0%b8%a3%e0%b8%b0%e0%b8%81%e0%b8%a7%e0%b8%94-engneering-rmutp-all-star-2025/', '2025-08-04', '2025-11-12 14:54:16', 'scraped:กิจกรรมคณะวิศวกรรมศาสตร์', 1),
(19, 'กิจกรรมตักบาตรอาหารแห้ง ประจำเดือนกรกฎาคม 2568', 'รูปภาพทั้งหมด', 'https://eng.rmutp.ac.th/%e0%b8%81%e0%b8%b4%e0%b8%88%e0%b8%81%e0%b8%a3%e0%b8%a3%e0%b8%a1%e0%b8%95%e0%b8%b1%e0%b8%81%e0%b8%9a%e0%b8%b2%e0%b8%95%e0%b8%a3%e0%b8%ad%e0%b8%b2%e0%b8%ab%e0%b8%b2%e0%b8%a3%e0%b9%81%e0%b8%ab%e0%b9%89-2/', '2025-07-25', '2025-11-12 14:54:16', 'scraped:กิจกรรมคณะวิศวกรรมศาสตร์', 1),
(20, 'วิศวฯ ร่วมออกบูธกิจกรรมแนะแนวโรงเรียนพระแม่สกลสงเคราะห์', 'รูปภาพทั้งหมด', 'https://eng.rmutp.ac.th/%e0%b8%a7%e0%b8%b4%e0%b8%a8%e0%b8%a7%e0%b8%af-%e0%b8%a3%e0%b9%88%e0%b8%a7%e0%b8%a1%e0%b8%ad%e0%b8%ad%e0%b8%81%e0%b8%9a%e0%b8%b9%e0%b8%98%e0%b8%81%e0%b8%b4%e0%b8%88%e0%b8%81%e0%b8%a3%e0%b8%a3-7/', '2025-07-25', '2025-11-12 14:54:16', 'scraped:กิจกรรมคณะวิศวกรรมศาสตร์', 1);

-- --------------------------------------------------------

--
-- Stand-in structure for view `popular_questions`
-- (See below for the actual view)
--
CREATE TABLE `popular_questions` (
`user_message` text
,`frequency` bigint(21)
,`response_type` varchar(50)
,`last_asked` timestamp
);

-- --------------------------------------------------------

--
-- Table structure for table `staff`
--

CREATE TABLE `staff` (
  `id` int(11) NOT NULL,
  `fullname` varchar(255) NOT NULL,
  `title` varchar(100) DEFAULT NULL COMMENT 'ตำแหน่งทางวิชาการ เช่น ผศ., รศ., ดร.',
  `department` varchar(255) DEFAULT NULL COMMENT 'สาขาวิชา',
  `role` varchar(255) DEFAULT NULL COMMENT 'หัวหน้าสาขา, อาจารย์ประจำ',
  `email` varchar(255) DEFAULT NULL,
  `phone` varchar(50) DEFAULT NULL,
  `office` varchar(255) DEFAULT NULL COMMENT 'ห้องทำงาน',
  `expertise` text DEFAULT NULL COMMENT 'ความเชี่ยวชาญ',
  `photo_url` varchar(500) DEFAULT NULL,
  `date_created` timestamp NOT NULL DEFAULT current_timestamp(),
  `is_active` tinyint(1) DEFAULT 1,
  `source_url` varchar(1000) DEFAULT NULL COMMENT 'ที่มาของข้อมูลจากเว็บไซต์'
) ENGINE=InnoDB DEFAULT CHARSET=utf8mb4 COLLATE=utf8mb4_unicode_ci;

--
-- Dumping data for table `staff`
--

INSERT INTO `staff` (`id`, `fullname`, `title`, `department`, `role`, `email`, `phone`, `office`, `expertise`, `photo_url`, `date_created`, `is_active`, `source_url`) VALUES
(1, 'ผศ.ดร.เกรียงไกร เหลืองอำพล', 'ผู้ช่วยศาสตราจารย์ ดร.', 'วิศวกรรมคอมพิวเตอร์', 'หัวหน้าสาขาวิชา', 'kriengkri.l@rmutp.ac.th', '02-836-3000 ต่อ 8339', 'ตึก 3 ห้อง 402', NULL, NULL, '2025-11-12 13:55:02', 1, 'https://eng.rmutp.ac.th/%E0%B8%AB%E0%B8%B1%E0%B8%A7%E0%B8%AB%E0%B8%99%E0%B9%89%E0%B8%B2%E0%B8%AA%E0%B8%B2%E0%B8%82%E0%B8%B2%E0%B8%A7%E0%B8%B4%E0%B8%8A%E0%B8%B2/'),
(2, 'ผศ.สุรสิทธิ์ ประกอบกิจ', 'ผู้ช่วยศาสตราจารย์', 'วิศวกรรมไฟฟ้า', 'หัวหน้าสาขาวิชา', 'surasit.pr@rmutp.ac.th', '02-836-3000 ต่อ 4150', 'ตึก 3 ห้อง 407', NULL, NULL, '2025-11-12 13:55:02', 1, 'https://eng.rmutp.ac.th/%E0%B8%AB%E0%B8%B1%E0%B8%A7%E0%B8%AB%E0%B8%99%E0%B9%89%E0%B8%B2%E0%B8%AA%E0%B8%B2%E0%B8%82%E0%B8%B2%E0%B8%A7%E0%B8%B4%E0%B8%8A%E0%B8%B2/'),
(3, 'อาจารย์สุทธิพงษ์ จำรูญรัตน์', 'อาจารย์', 'วิศวกรรมอุตสาหการ', 'หัวหน้าสาขาวิชา', 'suttipong.j@rmutp.ac.th', '02-836-3000 ต่อ 4233', 'ตึก 3 ห้อง 301', NULL, NULL, '2025-11-12 13:55:02', 1, 'https://eng.rmutp.ac.th/%E0%B8%AB%E0%B8%B1%E0%B8%A7%E0%B8%AB%E0%B8%99%E0%B9%89%E0%B8%B2%E0%B8%AA%E0%B8%B2%E0%B8%82%E0%B8%B2%E0%B8%A7%E0%B8%B4%E0%B8%8A%E0%B8%B2/'),
(4, 'อาจารย์พิเชษฐ์ บุญญาลัย', 'อาจารย์', 'วิศวกรรมเครื่องกล', 'หัวหน้าสาขาวิชา', 'pichest.bo@rmutp.ac.th', '02-836-3000 ต่อ 4169', 'ตึก 3 ห้อง 305', NULL, NULL, '2025-11-12 13:55:02', 1, 'https://eng.rmutp.ac.th/%E0%B8%AB%E0%B8%B1%E0%B8%A7%E0%B8%AB%E0%B8%99%E0%B9%89%E0%B8%B2%E0%B8%AA%E0%B8%B2%E0%B8%82%E0%B8%B2%E0%B8%A7%E0%B8%B4%E0%B8%8A%E0%B8%B2/'),
(5, 'ผศ.ดร.ขวัญชนก อุนทะอ่อน', 'ผู้ช่วยศาสตราจารย์ ดร.', 'วิศวกรรมโยธา', 'หัวหน้าสาขาวิชา', 'kwanchanok.o@rmutp.ac.th', '02-836-3000 ต่อ 4170', 'ตึก 3 ห้อง 203', NULL, NULL, '2025-11-12 13:55:02', 1, 'https://eng.rmutp.ac.th/%E0%B8%AB%E0%B8%B1%E0%B8%A7%E0%B8%AB%E0%B8%99%E0%B9%89%E0%B8%B2%E0%B8%AA%E0%B8%B2%E0%B8%82%E0%B8%B2%E0%B8%A7%E0%B8%B4%E0%B8%8A%E0%B8%B2/'),
(6, 'อาจารย์วรัญชลีย์ ทวีชัย', 'อาจารย์', 'วิศวกรรมการผลิตเครื่องประดับ', 'หัวหน้าสาขาวิชา', NULL, '02-836-3000 ต่อ 4214', NULL, NULL, NULL, '2025-11-12 13:55:02', 1, 'https://eng.rmutp.ac.th/%E0%B8%AB%E0%B8%B1%E0%B8%A7%E0%B8%AB%E0%B8%99%E0%B9%89%E0%B8%B2%E0%B8%AA%E0%B8%B2%E0%B8%82%E0%B8%B2%E0%B8%A7%E0%B8%B4%E0%B8%8A%E0%B8%B2/'),
(7, 'ผศ.ธนะกิจ วัฒกีกำธร', 'ผู้ช่วยศาสตราจารย์', 'วิศวกรรมอิเล็กทรอนิกส์และโทรคมนาคม', 'หัวหน้าสาขาวิชา', NULL, '02-836-3000 ต่อ 4160-4162', NULL, NULL, NULL, '2025-11-12 13:55:02', 1, 'https://eng.rmutp.ac.th/%E0%B8%AB%E0%B8%B1%E0%B8%A7%E0%B8%AB%E0%B8%99%E0%B9%89%E0%B8%B2%E0%B8%AA%E0%B8%B2%E0%B8%82%E0%B8%B2%E0%B8%A7%E0%B8%B4%E0%B8%8A%E0%B8%B2/'),
(8, 'นายรุ่งโรจน์ สุพงษ์วิบูลพันธ์', NULL, 'วิศวกรรมเมคคาทรอนิกส์', 'หัวหน้าสาขาวิชา', NULL, '02-836-3000 ต่อ -', NULL, NULL, NULL, '2025-11-12 13:55:02', 1, 'https://eng.rmutp.ac.th/%E0%B8%AB%E0%B8%B1%E0%B8%A7%E0%B8%AB%E0%B8%99%E0%B9%89%E0%B8%B2%E0%B8%AA%E0%B8%B2%E0%B8%82%E0%B8%B2%E0%B8%A7%E0%B8%B4%E0%B8%8A%E0%B8%B2/'),
(9, 'นายแจ็ค ชุ่มอินทร์', NULL, 'วิศวกรรมเครื่องมือและแม่พิมพ์', 'หัวหน้าสาขาวิชา', NULL, '02-836-3000 ต่อ 4140-4141', NULL, NULL, NULL, '2025-11-12 13:55:02', 1, 'https://eng.rmutp.ac.th/%E0%B8%AB%E0%B8%B1%E0%B8%A7%E0%B8%AB%E0%B8%99%E0%B9%89%E0%B8%B2%E0%B8%AA%E0%B8%B2%E0%B8%82%E0%B8%B2%E0%B8%A7%E0%B8%B4%E0%B8%8A%E0%B8%B2/'),
(10, 'ผศ.ดร.เทอดพงษ์ แดงสี', 'ผู้ช่วยศาสตราจารย์ ดร.', 'วิศวกรรมเทคโนโลยีนวัตกรรมเพื่อความยั่งยืน', 'หัวหน้าสาขาวิชา', 'therdpong.d@rmutp.ac.th', '02-836-3000 ต่อ -', NULL, NULL, NULL, '2025-11-12 13:55:02', 1, 'https://eng.rmutp.ac.th/%E0%B8%AB%E0%B8%B1%E0%B8%A7%E0%B8%AB%E0%B8%99%E0%B9%89%E0%B8%B2%E0%B8%AA%E0%B8%B2%E0%B8%82%E0%B8%B2%E0%B8%A7%E0%B8%B4%E0%B8%8A%E0%B8%B2/');

-- --------------------------------------------------------

--
-- Structure for view `chat_statistics`
--
DROP TABLE IF EXISTS `chat_statistics`;

CREATE ALGORITHM=UNDEFINED DEFINER=`root`@`localhost` SQL SECURITY DEFINER VIEW `chat_statistics`  AS SELECT cast(`chat_logs`.`date_created` as date) AS `chat_date`, count(0) AS `total_chats`, count(distinct `chat_logs`.`session_id`) AS `unique_sessions`, `chat_logs`.`response_type` AS `response_type`, count(case when `chat_logs`.`bot_response` is null then 1 end) AS `no_answer_count` FROM `chat_logs` GROUP BY cast(`chat_logs`.`date_created` as date), `chat_logs`.`response_type` ;

-- --------------------------------------------------------

--
-- Structure for view `popular_questions`
--
DROP TABLE IF EXISTS `popular_questions`;

CREATE ALGORITHM=UNDEFINED DEFINER=`root`@`localhost` SQL SECURITY DEFINER VIEW `popular_questions`  AS SELECT `chat_logs`.`user_message` AS `user_message`, count(0) AS `frequency`, `chat_logs`.`response_type` AS `response_type`, max(`chat_logs`.`date_created`) AS `last_asked` FROM `chat_logs` WHERE octet_length(`chat_logs`.`user_message`) > 3 GROUP BY `chat_logs`.`user_message`, `chat_logs`.`response_type` ORDER BY count(0) DESC LIMIT 0, 50 ;

--
-- Indexes for dumped tables
--

--
-- Indexes for table `chat_logs`
--
ALTER TABLE `chat_logs`
  ADD PRIMARY KEY (`id`),
  ADD KEY `idx_session` (`session_id`),
  ADD KEY `idx_date` (`date_created`);
ALTER TABLE `chat_logs` ADD FULLTEXT KEY `idx_message` (`user_message`);

--
-- Indexes for table `contact_info`
--
ALTER TABLE `contact_info`
  ADD PRIMARY KEY (`id`),
  ADD UNIQUE KEY `info_key` (`info_key`);

--
-- Indexes for table `faq`
--
ALTER TABLE `faq`
  ADD PRIMARY KEY (`id`),
  ADD KEY `idx_category` (`category`),
  ADD KEY `idx_active` (`is_active`);
ALTER TABLE `faq` ADD FULLTEXT KEY `idx_question` (`question`);

--
-- Indexes for table `faq_keyword`
--
ALTER TABLE `faq_keyword`
  ADD PRIMARY KEY (`id`),
  ADD KEY `idx_keyword` (`keyword`),
  ADD KEY `idx_faq` (`faq_id`);

--
-- Indexes for table `news`
--
ALTER TABLE `news`
  ADD PRIMARY KEY (`id`),
  ADD KEY `idx_date` (`date_post`),
  ADD KEY `idx_active` (`is_active`);

--
-- Indexes for table `staff`
--
ALTER TABLE `staff`
  ADD PRIMARY KEY (`id`),
  ADD KEY `idx_name` (`fullname`),
  ADD KEY `idx_dept` (`department`),
  ADD KEY `idx_active` (`is_active`);

--
-- AUTO_INCREMENT for dumped tables
--

--
-- AUTO_INCREMENT for table `chat_logs`
--
ALTER TABLE `chat_logs`
  MODIFY `id` int(11) NOT NULL AUTO_INCREMENT, AUTO_INCREMENT=58;

--
-- AUTO_INCREMENT for table `contact_info`
--
ALTER TABLE `contact_info`
  MODIFY `id` int(11) NOT NULL AUTO_INCREMENT, AUTO_INCREMENT=8;

--
-- AUTO_INCREMENT for table `faq`
--
ALTER TABLE `faq`
  MODIFY `id` int(11) NOT NULL AUTO_INCREMENT, AUTO_INCREMENT=11;

--
-- AUTO_INCREMENT for table `faq_keyword`
--
ALTER TABLE `faq_keyword`
  MODIFY `id` int(11) NOT NULL AUTO_INCREMENT, AUTO_INCREMENT=48;

--
-- AUTO_INCREMENT for table `news`
--
ALTER TABLE `news`
  MODIFY `id` int(11) NOT NULL AUTO_INCREMENT, AUTO_INCREMENT=21;

--
-- AUTO_INCREMENT for table `staff`
--
ALTER TABLE `staff`
  MODIFY `id` int(11) NOT NULL AUTO_INCREMENT, AUTO_INCREMENT=11;

--
-- Constraints for dumped tables
--

--
-- Constraints for table `faq_keyword`
--
ALTER TABLE `faq_keyword`
  ADD CONSTRAINT `faq_keyword_ibfk_1` FOREIGN KEY (`faq_id`) REFERENCES `faq` (`id`) ON DELETE CASCADE;
COMMIT;

/*!40101 SET CHARACTER_SET_CLIENT=@OLD_CHARACTER_SET_CLIENT */;
/*!40101 SET CHARACTER_SET_RESULTS=@OLD_CHARACTER_SET_RESULTS */;
/*!40101 SET COLLATION_CONNECTION=@OLD_COLLATION_CONNECTION */;
